symbol,side,entry_date,exit_date,entry,stop,take,exit,reason,pnl_pct,pnl_usd,bars_held,equity_after
BTCUSDT,LONG,2024-07-29,2024-08-01,67645.0,62905.0557,79494.8607,62905.0557,STOP,-7.01,-102.75,4,9897.25
BTCUSDT,LONG,2024-09-24,2024-10-11,63617.99,59234.81,74575.94,59234.81,STOP,-6.89,-102.8,18,9794.44
BTCUSDT,LONG,2024-10-15,2024-11-07,65870.0,61718.2329,76249.4179,76249.4179,TAKE,15.76,246.58,24,10041.02
BTCUSDT,LONG,2024-11-08,2024-11-12,76059.68,70877.3129,89015.5979,89015.5979,TAKE,17.03,246.81,5,10287.83
BTCUSDT,LONG,2024-11-26,2025-02-25,96000.57,88094.38,115766.045,88094.38,STOP,-8.24,-102.33,92,10185.51
BTCUSDT,LONG,2025-05-06,2025-05-19,93770.32,88536.72,106854.32,106854.32,TAKE,13.95,246.17,14,10431.67
BTCUSDT,LONG,2025-05-24,2025-06-06,108940.0,102595.7843,124800.5393,102595.7843,STOP,-5.82,-103.33,14,10328.34
BTCUSDT,LONG,2025-06-12,2025-06-13,109735.7,104917.6857,121780.7357,104917.6857,STOP,-4.39,-104.46,2,10223.88
BTCUSDT,LONG,2025-06-15,2025-06-22,104841.29,99571.8129,118014.9829,99571.8129,STOP,-5.03,-103.88,8,10120.0
BTCUSDT,LONG,2025-06-27,2025-08-14,107313.61,100724.1629,123787.2279,123787.2279,TAKE,15.35,246.49,49,10366.5
BTCUSDT,LONG,2025-08-16,2025-08-25,117275.23,111339.8857,132113.5907,111339.8857,STOP,-5.06,-103.85,10,10262.64
BTCUSDT,LONG,2025-09-17,2025-09-24,115905.88,111463.5143,127011.7943,111463.5143,STOP,-3.83,-105.12,8,10157.53
BTCUSDT,LONG,2025-10-03,2025-10-11,119910.78,114821.4586,132634.0836,114821.4586,STOP,-4.24,-104.61,9,10052.91
BTCUSDT,LONG,2025-10-12,2025-11-04,111793.21,103089.5286,133552.4136,103089.5286,STOP,-7.79,-102.47,24,9950.45
BTCUSDT,LONG,2026-01-18,2026-01-20,95573.65,90970.3414,107081.9214,90970.3414,STOP,-4.82,-104.05,3,9846.39
BTCUSDT,LONG,2026-04-17,2026-06-02,74697.2,70082.9143,86232.9143,70082.9143,STOP,-6.18,-103.14,47,9743.26
ETHUSDT,LONG,2024-10-22,2024-10-24,2679.43,2491.3386,3149.6586,2491.3386,STOP,-7.02,-102.75,3,9897.25
ETHUSDT,LONG,2024-10-25,2024-11-09,2525.8,2330.2943,3014.5643,3014.5643,TAKE,19.35,247.17,16,10144.42
ETHUSDT,LONG,2024-11-15,2024-12-05,3077.68,2729.1629,3948.9729,3948.9729,TAKE,28.31,247.98,21,10392.4
ETHUSDT,LONG,2024-12-06,2024-12-20,3888.0,3478.5686,4911.5786,3478.5686,STOP,-10.53,-101.8,15,10290.6
ETHUSDT,LONG,2025-01-04,2025-01-09,3565.14,3272.94,4295.64,3272.94,STOP,-8.2,-102.34,6,10188.26
ETHUSDT,LONG,2025-05-24,2025-06-22,2568.53,2206.1943,3474.3693,2206.1943,STOP,-14.11,-101.32,30,10086.94
ETHUSDT,LONG,2025-07-04,2025-07-16,2570.52,2306.9086,3229.5486,3229.5486,TAKE,25.64,247.8,13,10334.74
ETHUSDT,LONG,2025-07-31,2025-08-03,3797.25,3408.7143,4768.5893,3408.7143,STOP,-10.23,-101.85,4,10232.89
ETHUSDT,LONG,2025-08-07,2025-08-13,3664.7,3305.7,4562.2,4562.2,TAKE,24.49,247.71,7,10480.6
ETHUSDT,LONG,2025-08-15,2025-08-20,4618.87,4167.06,5748.395,4167.06,STOP,-9.78,-101.94,6,10378.65
ETHUSDT,LONG,2025-08-21,2025-10-11,4255.68,3764.9786,5482.4336,3764.9786,STOP,-11.53,-101.63,52,10277.02
ETHUSDT,LONG,2025-10-13,2025-11-04,4034.59,3494.1271,5385.7471,3494.1271,STOP,-13.4,-101.39,23,10175.63
ETHUSDT,LONG,2026-01-17,2026-01-20,3264.17,3047.1043,3806.8343,3047.1043,STOP,-6.65,-102.91,4,10072.72
ETHUSDT,LONG,2026-04-16,2026-05-18,2332.03,2131.5871,2833.1371,2131.5871,STOP,-8.6,-102.23,33,9970.49
ETHUSDT,LONG,2026-07-23,2026-08-20,1943.04,1812.4914,2269.4114,2269.4114,TAKE,16.8,246.77,29,10217.26
XRPUSDT,LONG,2024-07-17,2024-08-05,0.5846,0.5109,0.7689,0.5109,STOP,-12.61,-101.49,20,9898.51
XRPUSDT,LONG,2024-08-18,2024-11-15,0.5668,0.4759,0.7939,0.7939,TAKE,40.07,248.5,90,10147.02
XRPUSDT,LONG,2024-11-25,2024-12-02,1.3078,0.9425,2.221,2.221,TAKE,69.83,249.03,8,10396.05
XRPUSDT,LONG,2024-12-06,2025-04-07,2.375,1.7337,3.9784,1.7337,STOP,-27.0,-100.64,123,10295.41
XRPUSDT,LONG,2025-05-12,2025-05-31,2.3473,2.1274,2.897,2.1274,STOP,-9.37,-102.04,20,10193.37
XRPUSDT,LONG,2025-07-10,2025-07-11,2.3818,2.2007,2.8344,2.8344,TAKE,19.0,247.12,2,10440.49
XRPUSDT,LONG,2025-07-25,2025-10-11,3.2261,2.6812,4.5884,2.6812,STOP,-16.89,-101.08,79,10339.41
XRPUSDT,LONG,2026-05-12,2026-05-16,1.4849,1.4085,1.676,1.4085,STOP,-5.15,-103.78,5,10235.62
XRPUSDT,LONG,2026-05-17,2026-05-23,1.4147,1.3107,1.6746,1.3107,STOP,-7.35,-102.62,7,10133.0
SOLUSDT,LONG,2024-07-31,2024-08-02,181.0,159.4029,234.9929,159.4029,STOP,-11.93,-101.58,3,9898.42
SOLUSDT,LONG,2024-09-28,2024-10-02,159.03,143.2386,198.5086,143.2386,STOP,-9.93,-101.91,5,9796.51
SOLUSDT,LONG,2024-10-03,2024-11-07,147.46,130.6943,189.3743,189.3743,TAKE,28.42,247.99,36,10044.5
SOLUSDT,LONG,2024-11-08,2024-11-18,192.65,171.9871,244.3071,244.3071,TAKE,26.81,247.89,11,10292.39
SOLUSDT,LONG,2024-11-25,2024-12-10,244.18,208.7343,332.7943,208.7343,STOP,-14.52,-101.28,16,10191.11
SOLUSDT,LONG,2025-01-19,2025-01-27,257.75,226.0971,336.8821,226.0971,STOP,-12.28,-101.53,9,10089.58
SOLUSDT,LONG,2025-01-28,2025-02-03,233.67,179.1657,369.9307,179.1657,STOP,-23.33,-100.76,7,9988.82
SOLUSDT,LONG,2025-04-30,2025-05-23,148.01,132.98,185.585,185.585,TAKE,25.39,247.78,24,10236.6
SOLUSDT,LONG,2025-05-24,2025-05-31,180.67,158.38,236.395,158.38,STOP,-12.34,-101.52,8,10135.08
SOLUSDT,LONG,2025-07-14,2025-07-21,162.04,147.7157,197.8507,197.8507,TAKE,22.1,247.49,8,10382.57
SOLUSDT,LONG,2025-07-25,2025-08-01,188.54,166.4071,243.8721,166.4071,STOP,-11.74,-101.6,8,10280.97
SOLUSDT,LONG,2025-08-13,2025-09-11,181.7,163.2971,227.7071,227.7071,TAKE,25.32,247.78,30,10528.74
SOLUSDT,LONG,2025-09-12,2025-09-24,226.82,206.9014,276.6164,206.9014,STOP,-8.78,-102.18,13,10426.56
SOLUSDT,LONG,2025-10-07,2025-10-10,235.64,212.2571,294.0971,212.2571,STOP,-9.92,-101.92,4,10324.65
SOLUSDT,LONG,2025-10-11,2025-10-12,210.69,187.9029,267.6579,187.9029,STOP,-10.82,-101.75,2,10222.9
SOLUSDT,LONG,2026-05-11,2026-05-15,94.53,89.1014,108.1014,89.1014,STOP,-5.74,-103.38,5,10119.52
SOLUSDT,LONG,2026-05-16,2026-05-23,89.04,82.3171,105.8471,82.3171,STOP,-7.55,-102.55,8,10016.97
SOLUSDT,LONG,2026-07-11,2026-08-02,78.15,70.6857,96.8107,70.6857,STOP,-9.55,-101.99,23,9914.97
