time,close
2020-01-01 00:00:00+00:00,130.62
2020-01-02 00:00:00+00:00,127.11
2020-01-03 00:00:00+00:00,134.29
2020-01-04 00:00:00+00:00,134.14
2020-01-05 00:00:00+00:00,135.33
2020-01-06 00:00:00+00:00,144.04
2020-01-07 00:00:00+00:00,142.86
2020-01-08 00:00:00+00:00,140.75
2020-01-09 00:00:00+00:00,137.73
2020-01-10 00:00:00+00:00,144.8
2020-01-11 00:00:00+00:00,142.4
2020-01-12 00:00:00+00:00,146.57
2020-01-13 00:00:00+00:00,143.58
2020-01-14 00:00:00+00:00,165.77
2020-01-15 00:00:00+00:00,166.6
2020-01-16 00:00:00+00:00,164.37
2020-01-17 00:00:00+00:00,170.06
2020-01-18 00:00:00+00:00,174.43
2020-01-19 00:00:00+00:00,167.04
2020-01-20 00:00:00+00:00,167.03
2020-01-21 00:00:00+00:00,169.52
2020-01-22 00:00:00+00:00,168.19
2020-01-23 00:00:00+00:00,162.97
2020-01-24 00:00:00+00:00,162.63
2020-01-25 00:00:00+00:00,160.52
2020-01-26 00:00:00+00:00,167.9
2020-01-27 00:00:00+00:00,170.21
2020-01-28 00:00:00+00:00,175.88
2020-01-29 00:00:00+00:00,173.8
2020-01-30 00:00:00+00:00,185.14
2020-01-31 00:00:00+00:00,180.14
2020-02-01 00:00:00+00:00,183.82
2020-02-02 00:00:00+00:00,188.59
2020-02-03 00:00:00+00:00,189.92
2020-02-04 00:00:00+00:00,189.01
2020-02-05 00:00:00+00:00,204.1
2020-02-06 00:00:00+00:00,213.27
2020-02-07 00:00:00+00:00,223.57
2020-02-08 00:00:00+00:00,223.57
2020-02-09 00:00:00+00:00,228.64
2020-02-10 00:00:00+00:00,223.03
2020-02-11 00:00:00+00:00,237.16
2020-02-12 00:00:00+00:00,266.24
2020-02-13 00:00:00+00:00,268.48
2020-02-14 00:00:00+00:00,285.4
2020-02-15 00:00:00+00:00,265.08
2020-02-16 00:00:00+00:00,258.87
2020-02-17 00:00:00+00:00,268.0
2020-02-18 00:00:00+00:00,282.96
2020-02-19 00:00:00+00:00,258.43
2020-02-20 00:00:00+00:00,257.11
2020-02-21 00:00:00+00:00,265.44
2020-02-22 00:00:00+00:00,261.83
2020-02-23 00:00:00+00:00,274.67
2020-02-24 00:00:00+00:00,265.7
2020-02-25 00:00:00+00:00,247.03
2020-02-26 00:00:00+00:00,224.1
2020-02-27 00:00:00+00:00,227.92
2020-02-28 00:00:00+00:00,227.09
2020-02-29 00:00:00+00:00,217.31
2020-03-01 00:00:00+00:00,218.01
2020-03-02 00:00:00+00:00,232.22
2020-03-03 00:00:00+00:00,224.1
2020-03-04 00:00:00+00:00,224.47
2020-03-05 00:00:00+00:00,228.64
2020-03-06 00:00:00+00:00,244.94
2020-03-07 00:00:00+00:00,237.34
2020-03-08 00:00:00+00:00,199.54
2020-03-09 00:00:00+00:00,203.02
2020-03-10 00:00:00+00:00,200.95
2020-03-11 00:00:00+00:00,194.81
2020-03-12 00:00:00+00:00,106.71
2020-03-13 00:00:00+00:00,134.13
2020-03-14 00:00:00+00:00,122.55
2020-03-15 00:00:00+00:00,123.89
2020-03-16 00:00:00+00:00,111.06
2020-03-17 00:00:00+00:00,115.68
2020-03-18 00:00:00+00:00,118.16
2020-03-19 00:00:00+00:00,136.42
2020-03-20 00:00:00+00:00,133.52
2020-03-21 00:00:00+00:00,132.67
2020-03-22 00:00:00+00:00,122.25
2020-03-23 00:00:00+00:00,135.96
2020-03-24 00:00:00+00:00,138.38
2020-03-25 00:00:00+00:00,136.1
2020-03-26 00:00:00+00:00,138.41
2020-03-27 00:00:00+00:00,131.27
2020-03-28 00:00:00+00:00,130.95
2020-03-29 00:00:00+00:00,124.4
2020-03-30 00:00:00+00:00,132.04
2020-03-31 00:00:00+00:00,132.61
2020-04-01 00:00:00+00:00,135.6
2020-04-02 00:00:00+00:00,141.3
2020-04-03 00:00:00+00:00,141.23
2020-04-04 00:00:00+00:00,144.02
2020-04-05 00:00:00+00:00,142.59
2020-04-06 00:00:00+00:00,171.15
2020-04-07 00:00:00+00:00,164.55
2020-04-08 00:00:00+00:00,173.19
2020-04-09 00:00:00+00:00,169.46
2020-04-10 00:00:00+00:00,157.69
2020-04-11 00:00:00+00:00,158.19
2020-04-12 00:00:00+00:00,158.72
2020-04-13 00:00:00+00:00,156.37
2020-04-14 00:00:00+00:00,158.43
2020-04-15 00:00:00+00:00,152.64
2020-04-16 00:00:00+00:00,172.27
2020-04-17 00:00:00+00:00,170.56
2020-04-18 00:00:00+00:00,187.48
2020-04-19 00:00:00+00:00,179.97
2020-04-20 00:00:00+00:00,170.19
2020-04-21 00:00:00+00:00,170.66
2020-04-22 00:00:00+00:00,182.63
2020-04-23 00:00:00+00:00,185.53
2020-04-24 00:00:00+00:00,187.65
2020-04-25 00:00:00+00:00,194.25
2020-04-26 00:00:00+00:00,197.46
2020-04-27 00:00:00+00:00,196.37
2020-04-28 00:00:00+00:00,196.31
2020-04-29 00:00:00+00:00,215.5
2020-04-30 00:00:00+00:00,206.22
2020-05-01 00:00:00+00:00,212.22
2020-05-02 00:00:00+00:00,213.99
2020-05-03 00:00:00+00:00,209.95
2020-05-04 00:00:00+00:00,206.73
2020-05-05 00:00:00+00:00,205.39
2020-05-06 00:00:00+00:00,199.06
2020-05-07 00:00:00+00:00,212.25
2020-05-08 00:00:00+00:00,211.47
2020-05-09 00:00:00+00:00,210.31
2020-05-10 00:00:00+00:00,187.52
2020-05-11 00:00:00+00:00,185.69
2020-05-12 00:00:00+00:00,189.64
2020-05-13 00:00:00+00:00,199.54
2020-05-14 00:00:00+00:00,203.13
2020-05-15 00:00:00+00:00,194.71
2020-05-16 00:00:00+00:00,200.39
2020-05-17 00:00:00+00:00,206.93
2020-05-18 00:00:00+00:00,214.83
2020-05-19 00:00:00+00:00,214.7
2020-05-20 00:00:00+00:00,209.96
2020-05-21 00:00:00+00:00,198.68
2020-05-22 00:00:00+00:00,207.28
2020-05-23 00:00:00+00:00,206.51
2020-05-24 00:00:00+00:00,199.7
2020-05-25 00:00:00+00:00,204.1
2020-05-26 00:00:00+00:00,200.91
2020-05-27 00:00:00+00:00,208.27
2020-05-28 00:00:00+00:00,220.32
2020-05-29 00:00:00+00:00,220.65
2020-05-30 00:00:00+00:00,243.74
2020-05-31 00:00:00+00:00,231.55
2020-06-01 00:00:00+00:00,248.9
2020-06-02 00:00:00+00:00,237.73
2020-06-03 00:00:00+00:00,244.52
2020-06-04 00:00:00+00:00,243.28
2020-06-05 00:00:00+00:00,240.13
2020-06-06 00:00:00+00:00,242.05
2020-06-07 00:00:00+00:00,244.66
2020-06-08 00:00:00+00:00,246.65
2020-06-09 00:00:00+00:00,243.98
2020-06-10 00:00:00+00:00,247.95
2020-06-11 00:00:00+00:00,230.48
2020-06-12 00:00:00+00:00,237.46
2020-06-13 00:00:00+00:00,238.17
2020-06-14 00:00:00+00:00,231.92
2020-06-15 00:00:00+00:00,230.86
2020-06-16 00:00:00+00:00,235.22
2020-06-17 00:00:00+00:00,233.75
2020-06-18 00:00:00+00:00,231.26
2020-06-19 00:00:00+00:00,228.97
2020-06-20 00:00:00+00:00,228.85
2020-06-21 00:00:00+00:00,228.08
2020-06-22 00:00:00+00:00,243.14
2020-06-23 00:00:00+00:00,243.12
2020-06-24 00:00:00+00:00,234.54
2020-06-25 00:00:00+00:00,232.5
2020-06-26 00:00:00+00:00,229.66
2020-06-27 00:00:00+00:00,220.94
2020-06-28 00:00:00+00:00,224.96
2020-06-29 00:00:00+00:00,227.95
2020-06-30 00:00:00+00:00,225.56
2020-07-01 00:00:00+00:00,231.03
2020-07-02 00:00:00+00:00,226.54
2020-07-03 00:00:00+00:00,224.83
2020-07-04 00:00:00+00:00,229.2
2020-07-05 00:00:00+00:00,227.61
2020-07-06 00:00:00+00:00,241.63
2020-07-07 00:00:00+00:00,239.45
2020-07-08 00:00:00+00:00,247.14
2020-07-09 00:00:00+00:00,242.01
2020-07-10 00:00:00+00:00,241.37
2020-07-11 00:00:00+00:00,239.25
2020-07-12 00:00:00+00:00,242.82
2020-07-13 00:00:00+00:00,239.6
2020-07-14 00:00:00+00:00,240.56
2020-07-15 00:00:00+00:00,238.59
2020-07-16 00:00:00+00:00,233.74
2020-07-17 00:00:00+00:00,232.72
2020-07-18 00:00:00+00:00,235.69
2020-07-19 00:00:00+00:00,239.19
2020-07-20 00:00:00+00:00,236.03
2020-07-21 00:00:00+00:00,245.56
2020-07-22 00:00:00+00:00,264.27
2020-07-23 00:00:00+00:00,275.56
2020-07-24 00:00:00+00:00,279.45
2020-07-25 00:00:00+00:00,305.64
2020-07-26 00:00:00+00:00,311.41
2020-07-27 00:00:00+00:00,322.33
2020-07-28 00:00:00+00:00,317.21
2020-07-29 00:00:00+00:00,318.12
2020-07-30 00:00:00+00:00,335.3
2020-07-31 00:00:00+00:00,346.42
2020-08-01 00:00:00+00:00,387.24
2020-08-02 00:00:00+00:00,372.85
2020-08-03 00:00:00+00:00,386.2
2020-08-04 00:00:00+00:00,390.1
2020-08-05 00:00:00+00:00,400.95
2020-08-06 00:00:00+00:00,395.09
2020-08-07 00:00:00+00:00,379.63
2020-08-08 00:00:00+00:00,397.48
2020-08-09 00:00:00+00:00,390.54
2020-08-10 00:00:00+00:00,395.83
2020-08-11 00:00:00+00:00,379.3
2020-08-12 00:00:00+00:00,387.46
2020-08-13 00:00:00+00:00,425.34
2020-08-14 00:00:00+00:00,438.84
2020-08-15 00:00:00+00:00,432.75
2020-08-16 00:00:00+00:00,434.19
2020-08-17 00:00:00+00:00,431.33
2020-08-18 00:00:00+00:00,422.36
2020-08-19 00:00:00+00:00,407.65
2020-08-20 00:00:00+00:00,416.29
2020-08-21 00:00:00+00:00,388.25
2020-08-22 00:00:00+00:00,395.44
2020-08-23 00:00:00+00:00,391.0
2020-08-24 00:00:00+00:00,407.94
2020-08-25 00:00:00+00:00,383.11
2020-08-26 00:00:00+00:00,386.02
2020-08-27 00:00:00+00:00,383.6
2020-08-28 00:00:00+00:00,395.14
2020-08-29 00:00:00+00:00,398.66
2020-08-30 00:00:00+00:00,429.11
2020-08-31 00:00:00+00:00,434.03
2020-09-01 00:00:00+00:00,475.61
2020-09-02 00:00:00+00:00,439.75
2020-09-03 00:00:00+00:00,381.62
2020-09-04 00:00:00+00:00,385.2
2020-09-05 00:00:00+00:00,334.85
2020-09-06 00:00:00+00:00,352.69
2020-09-07 00:00:00+00:00,353.49
2020-09-08 00:00:00+00:00,337.32
2020-09-09 00:00:00+00:00,350.65
2020-09-10 00:00:00+00:00,367.69
2020-09-11 00:00:00+00:00,373.45
2020-09-12 00:00:00+00:00,387.65
2020-09-13 00:00:00+00:00,366.24
2020-09-14 00:00:00+00:00,377.13
2020-09-15 00:00:00+00:00,364.06
2020-09-16 00:00:00+00:00,364.95
2020-09-17 00:00:00+00:00,389.24
2020-09-18 00:00:00+00:00,384.44
2020-09-19 00:00:00+00:00,384.96
2020-09-20 00:00:00+00:00,370.85
2020-09-21 00:00:00+00:00,340.19
2020-09-22 00:00:00+00:00,344.06
2020-09-23 00:00:00+00:00,320.64
2020-09-24 00:00:00+00:00,348.77
2020-09-25 00:00:00+00:00,351.88
2020-09-26 00:00:00+00:00,353.88
2020-09-27 00:00:00+00:00,357.4
2020-09-28 00:00:00+00:00,353.85
2020-09-29 00:00:00+00:00,359.7
2020-09-30 00:00:00+00:00,359.71
2020-10-01 00:00:00+00:00,352.53
2020-10-02 00:00:00+00:00,345.41
2020-10-03 00:00:00+00:00,345.72
2020-10-04 00:00:00+00:00,352.23
2020-10-05 00:00:00+00:00,353.45
2020-10-06 00:00:00+00:00,340.65
2020-10-07 00:00:00+00:00,341.41
2020-10-08 00:00:00+00:00,351.08
2020-10-09 00:00:00+00:00,365.04
2020-10-10 00:00:00+00:00,370.68
2020-10-11 00:00:00+00:00,374.39
2020-10-12 00:00:00+00:00,386.73
2020-10-13 00:00:00+00:00,381.12
2020-10-14 00:00:00+00:00,378.75
2020-10-15 00:00:00+00:00,377.63
2020-10-16 00:00:00+00:00,365.41
2020-10-17 00:00:00+00:00,368.26
2020-10-18 00:00:00+00:00,378.29
2020-10-19 00:00:00+00:00,379.47
2020-10-20 00:00:00+00:00,368.74
2020-10-21 00:00:00+00:00,390.96
2020-10-22 00:00:00+00:00,414.39
2020-10-23 00:00:00+00:00,409.4
2020-10-24 00:00:00+00:00,412.34
2020-10-25 00:00:00+00:00,406.14
2020-10-26 00:00:00+00:00,392.43
2020-10-27 00:00:00+00:00,403.6
2020-10-28 00:00:00+00:00,388.17
2020-10-29 00:00:00+00:00,386.94
2020-10-30 00:00:00+00:00,382.4
2020-10-31 00:00:00+00:00,386.29
2020-11-01 00:00:00+00:00,396.82
2020-11-02 00:00:00+00:00,383.16
2020-11-03 00:00:00+00:00,388.11
2020-11-04 00:00:00+00:00,402.92
2020-11-05 00:00:00+00:00,417.14
2020-11-06 00:00:00+00:00,456.38
2020-11-07 00:00:00+00:00,435.58
2020-11-08 00:00:00+00:00,454.75
2020-11-09 00:00:00+00:00,444.72
2020-11-10 00:00:00+00:00,450.67
2020-11-11 00:00:00+00:00,463.35
2020-11-12 00:00:00+00:00,462.68
2020-11-13 00:00:00+00:00,476.8
2020-11-14 00:00:00+00:00,461.0
2020-11-15 00:00:00+00:00,448.16
2020-11-16 00:00:00+00:00,460.72
2020-11-17 00:00:00+00:00,482.49
2020-11-18 00:00:00+00:00,478.61
2020-11-19 00:00:00+00:00,471.38
2020-11-20 00:00:00+00:00,510.37
2020-11-21 00:00:00+00:00,554.1
2020-11-22 00:00:00+00:00,560.42
2020-11-23 00:00:00+00:00,609.12
2020-11-24 00:00:00+00:00,605.72
2020-11-25 00:00:00+00:00,569.79
2020-11-26 00:00:00+00:00,520.25
2020-11-27 00:00:00+00:00,518.92
2020-11-28 00:00:00+00:00,537.46
2020-11-29 00:00:00+00:00,576.38
2020-11-30 00:00:00+00:00,617.42
2020-12-01 00:00:00+00:00,585.98
2020-12-02 00:00:00+00:00,596.96
2020-12-03 00:00:00+00:00,616.2
2020-12-04 00:00:00+00:00,567.68
2020-12-05 00:00:00+00:00,596.97
2020-12-06 00:00:00+00:00,601.86
2020-12-07 00:00:00+00:00,591.84
2020-12-08 00:00:00+00:00,555.17
2020-12-09 00:00:00+00:00,573.27
2020-12-10 00:00:00+00:00,559.71
2020-12-11 00:00:00+00:00,544.74
2020-12-12 00:00:00+00:00,568.34
2020-12-13 00:00:00+00:00,590.91
2020-12-14 00:00:00+00:00,586.33
2020-12-15 00:00:00+00:00,588.8
2020-12-16 00:00:00+00:00,637.8
2020-12-17 00:00:00+00:00,643.12
2020-12-18 00:00:00+00:00,654.51
2020-12-19 00:00:00+00:00,658.81
2020-12-20 00:00:00+00:00,638.27
2020-12-21 00:00:00+00:00,608.18
2020-12-22 00:00:00+00:00,637.2
2020-12-23 00:00:00+00:00,585.34
2020-12-24 00:00:00+00:00,612.31
2020-12-25 00:00:00+00:00,627.18
2020-12-26 00:00:00+00:00,637.9
2020-12-27 00:00:00+00:00,685.97
2020-12-28 00:00:00+00:00,731.07
2020-12-29 00:00:00+00:00,733.45
2020-12-30 00:00:00+00:00,753.04
2020-12-31 00:00:00+00:00,737.19
2021-01-01 00:00:00+00:00,729.77
2021-01-02 00:00:00+00:00,775.02
2021-01-03 00:00:00+00:00,980.24
2021-01-04 00:00:00+00:00,1043.11
2021-01-05 00:00:00+00:00,1101.29
2021-01-06 00:00:00+00:00,1212.64
2021-01-07 00:00:00+00:00,1227.12
2021-01-08 00:00:00+00:00,1218.39
2021-01-09 00:00:00+00:00,1279.96
2021-01-10 00:00:00+00:00,1257.96
2021-01-11 00:00:00+00:00,1086.94
2021-01-12 00:00:00+00:00,1050.82
2021-01-13 00:00:00+00:00,1130.4
2021-01-14 00:00:00+00:00,1234.86
2021-01-15 00:00:00+00:00,1168.79
2021-01-16 00:00:00+00:00,1230.19
2021-01-17 00:00:00+00:00,1233.71
2021-01-18 00:00:00+00:00,1262.99
2021-01-19 00:00:00+00:00,1367.51
2021-01-20 00:00:00+00:00,1379.24
2021-01-21 00:00:00+00:00,1111.23
2021-01-22 00:00:00+00:00,1234.55
2021-01-23 00:00:00+00:00,1235.66
2021-01-24 00:00:00+00:00,1394.24
2021-01-25 00:00:00+00:00,1318.61
2021-01-26 00:00:00+00:00,1368.4
2021-01-27 00:00:00+00:00,1238.55
2021-01-28 00:00:00+00:00,1329.86
2021-01-29 00:00:00+00:00,1381.99
2021-01-30 00:00:00+00:00,1380.48
2021-01-31 00:00:00+00:00,1313.12
2021-02-01 00:00:00+00:00,1376.48
2021-02-02 00:00:00+00:00,1516.26
2021-02-03 00:00:00+00:00,1666.0
2021-02-04 00:00:00+00:00,1596.0
2021-02-05 00:00:00+00:00,1721.16
2021-02-06 00:00:00+00:00,1679.34
2021-02-07 00:00:00+00:00,1611.99
2021-02-08 00:00:00+00:00,1755.61
2021-02-09 00:00:00+00:00,1770.79
2021-02-10 00:00:00+00:00,1743.31
2021-02-11 00:00:00+00:00,1789.32
2021-02-12 00:00:00+00:00,1843.08
2021-02-13 00:00:00+00:00,1818.02
2021-02-14 00:00:00+00:00,1803.59
2021-02-15 00:00:00+00:00,1781.34
2021-02-16 00:00:00+00:00,1784.31
2021-02-17 00:00:00+00:00,1849.86
2021-02-18 00:00:00+00:00,1941.26
2021-02-19 00:00:00+00:00,1958.58
2021-02-20 00:00:00+00:00,1914.58
2021-02-21 00:00:00+00:00,1934.75
2021-02-22 00:00:00+00:00,1778.3
2021-02-23 00:00:00+00:00,1579.75
2021-02-24 00:00:00+00:00,1623.98
2021-02-25 00:00:00+00:00,1482.09
2021-02-26 00:00:00+00:00,1445.28
2021-02-27 00:00:00+00:00,1458.65
2021-02-28 00:00:00+00:00,1419.77
2021-03-01 00:00:00+00:00,1571.2
2021-03-02 00:00:00+00:00,1486.28
2021-03-03 00:00:00+00:00,1568.63
2021-03-04 00:00:00+00:00,1540.69
2021-03-05 00:00:00+00:00,1529.88
2021-03-06 00:00:00+00:00,1651.73
2021-03-07 00:00:00+00:00,1727.23
2021-03-08 00:00:00+00:00,1834.3
2021-03-09 00:00:00+00:00,1873.31
2021-03-10 00:00:00+00:00,1796.8
2021-03-11 00:00:00+00:00,1829.0
2021-03-12 00:00:00+00:00,1767.44
2021-03-13 00:00:00+00:00,1924.94
2021-03-14 00:00:00+00:00,1850.54
2021-03-15 00:00:00+00:00,1794.89
2021-03-16 00:00:00+00:00,1807.25
2021-03-17 00:00:00+00:00,1825.77
2021-03-18 00:00:00+00:00,1777.54
2021-03-19 00:00:00+00:00,1811.04
2021-03-20 00:00:00+00:00,1807.35
2021-03-21 00:00:00+00:00,1784.67
2021-03-22 00:00:00+00:00,1681.69
2021-03-23 00:00:00+00:00,1669.33
2021-03-24 00:00:00+00:00,1582.11
2021-03-25 00:00:00+00:00,1587.5
2021-03-26 00:00:00+00:00,1699.13
2021-03-27 00:00:00+00:00,1714.34
2021-03-28 00:00:00+00:00,1688.3
2021-03-29 00:00:00+00:00,1818.44
2021-03-30 00:00:00+00:00,1843.43
2021-03-31 00:00:00+00:00,1923.07
2021-04-01 00:00:00+00:00,1969.74
2021-04-02 00:00:00+00:00,2138.01
2021-04-03 00:00:00+00:00,2012.63
2021-04-04 00:00:00+00:00,2077.73
2021-04-05 00:00:00+00:00,2110.35
2021-04-06 00:00:00+00:00,2114.47
2021-04-07 00:00:00+00:00,1965.4
2021-04-08 00:00:00+00:00,2082.08
2021-04-09 00:00:00+00:00,2068.02
2021-04-10 00:00:00+00:00,2135.96
2021-04-11 00:00:00+00:00,2155.05
2021-04-12 00:00:00+00:00,2139.25
2021-04-13 00:00:00+00:00,2303.15
2021-04-14 00:00:00+00:00,2437.08
2021-04-15 00:00:00+00:00,2519.85
2021-04-16 00:00:00+00:00,2427.29
2021-04-17 00:00:00+00:00,2319.8
2021-04-18 00:00:00+00:00,2235.32
2021-04-19 00:00:00+00:00,2162.75
2021-04-20 00:00:00+00:00,2329.96
2021-04-21 00:00:00+00:00,2358.9
2021-04-22 00:00:00+00:00,2398.94
2021-04-23 00:00:00+00:00,2368.67
2021-04-24 00:00:00+00:00,2215.54
2021-04-25 00:00:00+00:00,2320.71
2021-04-26 00:00:00+00:00,2534.25
2021-04-27 00:00:00+00:00,2668.39
2021-04-28 00:00:00+00:00,2748.33
2021-04-29 00:00:00+00:00,2759.14
2021-04-30 00:00:00+00:00,2773.15
2021-05-01 00:00:00+00:00,2947.01
2021-05-02 00:00:00+00:00,2950.98
2021-05-03 00:00:00+00:00,3433.36
2021-05-04 00:00:00+00:00,3243.67
2021-05-05 00:00:00+00:00,3528.49
2021-05-06 00:00:00+00:00,3493.16
2021-05-07 00:00:00+00:00,3480.98
2021-05-08 00:00:00+00:00,3914.47
2021-05-09 00:00:00+00:00,3928.01
2021-05-10 00:00:00+00:00,3950.33
2021-05-11 00:00:00+00:00,4175.91
2021-05-12 00:00:00+00:00,3828.99
2021-05-13 00:00:00+00:00,3719.45
2021-05-14 00:00:00+00:00,4079.99
2021-05-15 00:00:00+00:00,3648.98
2021-05-16 00:00:00+00:00,3581.39
2021-05-17 00:00:00+00:00,3283.58
2021-05-18 00:00:00+00:00,3376.35
2021-05-19 00:00:00+00:00,2442.98
2021-05-20 00:00:00+00:00,2768.42
2021-05-21 00:00:00+00:00,2431.01
2021-05-22 00:00:00+00:00,2295.15
2021-05-23 00:00:00+00:00,2096.63
2021-05-24 00:00:00+00:00,2649.27
2021-05-25 00:00:00+00:00,2706.83
2021-05-26 00:00:00+00:00,2884.27
2021-05-27 00:00:00+00:00,2742.77
2021-05-28 00:00:00+00:00,2411.66
2021-05-29 00:00:00+00:00,2277.99
2021-05-30 00:00:00+00:00,2386.11
2021-05-31 00:00:00+00:00,2706.33
2021-06-01 00:00:00+00:00,2634.63
2021-06-02 00:00:00+00:00,2707.22
2021-06-03 00:00:00+00:00,2858.34
2021-06-04 00:00:00+00:00,2689.21
2021-06-05 00:00:00+00:00,2627.45
2021-06-06 00:00:00+00:00,2711.4
2021-06-07 00:00:00+00:00,2592.96
2021-06-08 00:00:00+00:00,2506.19
2021-06-09 00:00:00+00:00,2610.2
2021-06-10 00:00:00+00:00,2471.11
2021-06-11 00:00:00+00:00,2354.25
2021-06-12 00:00:00+00:00,2370.59
2021-06-13 00:00:00+00:00,2508.71
2021-06-14 00:00:00+00:00,2579.82
2021-06-15 00:00:00+00:00,2544.17
2021-06-16 00:00:00+00:00,2366.84
2021-06-17 00:00:00+00:00,2372.51
2021-06-18 00:00:00+00:00,2231.68
2021-06-19 00:00:00+00:00,2163.36
2021-06-20 00:00:00+00:00,2242.7
2021-06-21 00:00:00+00:00,1884.77
2021-06-22 00:00:00+00:00,1878.46
2021-06-23 00:00:00+00:00,1966.51
2021-06-24 00:00:00+00:00,1989.5
2021-06-25 00:00:00+00:00,1808.0
2021-06-26 00:00:00+00:00,1828.88
2021-06-27 00:00:00+00:00,1980.83
2021-06-28 00:00:00+00:00,2083.56
2021-06-29 00:00:00+00:00,2165.15
2021-06-30 00:00:00+00:00,2275.0
2021-07-01 00:00:00+00:00,2105.24
2021-07-02 00:00:00+00:00,2152.64
2021-07-03 00:00:00+00:00,2226.63
2021-07-04 00:00:00+00:00,2321.95
2021-07-05 00:00:00+00:00,2195.38
2021-07-06 00:00:00+00:00,2322.04
2021-07-07 00:00:00+00:00,2314.65
2021-07-08 00:00:00+00:00,2114.88
2021-07-09 00:00:00+00:00,2147.53
2021-07-10 00:00:00+00:00,2111.14
2021-07-11 00:00:00+00:00,2140.27
2021-07-12 00:00:00+00:00,2030.85
2021-07-13 00:00:00+00:00,1940.32
2021-07-14 00:00:00+00:00,1993.82
2021-07-15 00:00:00+00:00,1919.35
2021-07-16 00:00:00+00:00,1876.1
2021-07-17 00:00:00+00:00,1898.55
2021-07-18 00:00:00+00:00,1890.66
2021-07-19 00:00:00+00:00,1818.4
2021-07-20 00:00:00+00:00,1785.04
2021-07-21 00:00:00+00:00,1995.49
2021-07-22 00:00:00+00:00,2023.55
2021-07-23 00:00:00+00:00,2124.33
2021-07-24 00:00:00+00:00,2183.53
2021-07-25 00:00:00+00:00,2188.11
2021-07-26 00:00:00+00:00,2227.41
2021-07-27 00:00:00+00:00,2298.04
2021-07-28 00:00:00+00:00,2300.08
2021-07-29 00:00:00+00:00,2382.45
2021-07-30 00:00:00+00:00,2461.72
2021-07-31 00:00:00+00:00,2530.49
2021-08-01 00:00:00+00:00,2554.71
2021-08-02 00:00:00+00:00,2607.09
2021-08-03 00:00:00+00:00,2506.87
2021-08-04 00:00:00+00:00,2725.0
2021-08-05 00:00:00+00:00,2826.8
2021-08-06 00:00:00+00:00,2892.3
2021-08-07 00:00:00+00:00,3163.26
2021-08-08 00:00:00+00:00,3014.06
2021-08-09 00:00:00+00:00,3163.43
2021-08-10 00:00:00+00:00,3143.98
2021-08-11 00:00:00+00:00,3161.52
2021-08-12 00:00:00+00:00,3046.74
2021-08-13 00:00:00+00:00,3324.12
2021-08-14 00:00:00+00:00,3266.31
2021-08-15 00:00:00+00:00,3312.31
2021-08-16 00:00:00+00:00,3146.83
2021-08-17 00:00:00+00:00,3014.64
2021-08-18 00:00:00+00:00,3014.25
2021-08-19 00:00:00+00:00,3186.8
2021-08-20 00:00:00+00:00,3286.62
2021-08-21 00:00:00+00:00,3226.4
2021-08-22 00:00:00+00:00,3241.29
2021-08-23 00:00:00+00:00,3323.01
2021-08-24 00:00:00+00:00,3173.98
2021-08-25 00:00:00+00:00,3227.9
2021-08-26 00:00:00+00:00,3093.77
2021-08-27 00:00:00+00:00,3273.91
2021-08-28 00:00:00+00:00,3247.29
2021-08-29 00:00:00+00:00,3225.47
2021-08-30 00:00:00+00:00,3230.43
2021-08-31 00:00:00+00:00,3430.49
2021-09-01 00:00:00+00:00,3831.44
2021-09-02 00:00:00+00:00,3788.95
2021-09-03 00:00:00+00:00,3942.79
2021-09-04 00:00:00+00:00,3889.71
2021-09-05 00:00:00+00:00,3952.56
2021-09-06 00:00:00+00:00,3929.0
2021-09-07 00:00:00+00:00,3435.0
2021-09-08 00:00:00+00:00,3497.99
2021-09-09 00:00:00+00:00,3426.42
2021-09-10 00:00:00+00:00,3209.84
2021-09-11 00:00:00+00:00,3267.23
2021-09-12 00:00:00+00:00,3405.21
2021-09-13 00:00:00+00:00,3284.41
2021-09-14 00:00:00+00:00,3435.42
2021-09-15 00:00:00+00:00,3614.72
2021-09-16 00:00:00+00:00,3570.46
2021-09-17 00:00:00+00:00,3400.99
2021-09-18 00:00:00+00:00,3435.35
2021-09-19 00:00:00+00:00,3328.72
2021-09-20 00:00:00+00:00,2978.34
2021-09-21 00:00:00+00:00,2765.48
2021-09-22 00:00:00+00:00,3076.62
2021-09-23 00:00:00+00:00,3150.7
2021-09-24 00:00:00+00:00,2926.37
2021-09-25 00:00:00+00:00,2921.08
2021-09-26 00:00:00+00:00,3057.63
2021-09-27 00:00:00+00:00,2923.6
2021-09-28 00:00:00+00:00,2803.5
2021-09-29 00:00:00+00:00,2848.38
2021-09-30 00:00:00+00:00,2999.45
2021-10-01 00:00:00+00:00,3308.58
2021-10-02 00:00:00+00:00,3387.25
2021-10-03 00:00:00+00:00,3418.25
2021-10-04 00:00:00+00:00,3386.12
2021-10-05 00:00:00+00:00,3517.64
2021-10-06 00:00:00+00:00,3576.85
2021-10-07 00:00:00+00:00,3589.85
2021-10-08 00:00:00+00:00,3563.81
2021-10-09 00:00:00+00:00,3577.8
2021-10-10 00:00:00+00:00,3415.01
2021-10-11 00:00:00+00:00,3543.1
2021-10-12 00:00:00+00:00,3492.91
2021-10-13 00:00:00+00:00,3610.05
2021-10-14 00:00:00+00:00,3794.19
2021-10-15 00:00:00+00:00,3872.71
2021-10-16 00:00:00+00:00,3833.3
2021-10-17 00:00:00+00:00,3851.01
2021-10-18 00:00:00+00:00,3748.31
2021-10-19 00:00:00+00:00,3881.48
2021-10-20 00:00:00+00:00,4164.14
2021-10-21 00:00:00+00:00,4057.26
2021-10-22 00:00:00+00:00,3975.56
2021-10-23 00:00:00+00:00,4170.5
2021-10-24 00:00:00+00:00,4084.61
2021-10-25 00:00:00+00:00,4224.14
2021-10-26 00:00:00+00:00,4133.39
2021-10-27 00:00:00+00:00,3923.57
2021-10-28 00:00:00+00:00,4288.96
2021-10-29 00:00:00+00:00,4421.53
2021-10-30 00:00:00+00:00,4324.82
2021-10-31 00:00:00+00:00,4288.86
2021-11-01 00:00:00+00:00,4322.72
2021-11-02 00:00:00+00:00,4593.88
2021-11-03 00:00:00+00:00,4606.59
2021-11-04 00:00:00+00:00,4535.37
2021-11-05 00:00:00+00:00,4477.29
2021-11-06 00:00:00+00:00,4521.4
2021-11-07 00:00:00+00:00,4616.5
2021-11-08 00:00:00+00:00,4814.3
2021-11-09 00:00:00+00:00,4734.98
2021-11-10 00:00:00+00:00,4632.21
2021-11-11 00:00:00+00:00,4721.19
2021-11-12 00:00:00+00:00,4665.99
2021-11-13 00:00:00+00:00,4644.42
2021-11-14 00:00:00+00:00,4629.44
2021-11-15 00:00:00+00:00,4567.01
2021-11-16 00:00:00+00:00,4209.42
2021-11-17 00:00:00+00:00,4287.99
2021-11-18 00:00:00+00:00,3997.72
2021-11-19 00:00:00+00:00,4293.44
2021-11-20 00:00:00+00:00,4412.55
2021-11-21 00:00:00+00:00,4259.23
2021-11-22 00:00:00+00:00,4086.57
2021-11-23 00:00:00+00:00,4341.36
2021-11-24 00:00:00+00:00,4271.29
2021-11-25 00:00:00+00:00,4527.86
2021-11-26 00:00:00+00:00,4040.66
2021-11-27 00:00:00+00:00,4095.33
2021-11-28 00:00:00+00:00,4296.6
2021-11-29 00:00:00+00:00,4445.1
2021-11-30 00:00:00+00:00,4631.51
2021-12-01 00:00:00+00:00,4586.66
2021-12-02 00:00:00+00:00,4514.32
2021-12-03 00:00:00+00:00,4213.66
2021-12-04 00:00:00+00:00,4115.79
2021-12-05 00:00:00+00:00,4197.53
2021-12-06 00:00:00+00:00,4345.2
2021-12-07 00:00:00+00:00,4305.82
2021-12-08 00:00:00+00:00,4435.33
2021-12-09 00:00:00+00:00,4103.8
2021-12-10 00:00:00+00:00,3895.95
2021-12-11 00:00:00+00:00,4089.81
2021-12-12 00:00:00+00:00,4129.0
2021-12-13 00:00:00+00:00,3780.63
2021-12-14 00:00:00+00:00,3856.66
2021-12-15 00:00:00+00:00,4019.01
2021-12-16 00:00:00+00:00,3958.67
2021-12-17 00:00:00+00:00,3873.93
2021-12-18 00:00:00+00:00,3957.64
2021-12-19 00:00:00+00:00,3922.51
2021-12-20 00:00:00+00:00,3943.48
2021-12-21 00:00:00+00:00,4014.38
2021-12-22 00:00:00+00:00,3978.62
2021-12-23 00:00:00+00:00,4111.3
2021-12-24 00:00:00+00:00,4045.0
2021-12-25 00:00:00+00:00,4093.87
2021-12-26 00:00:00+00:00,4062.24
2021-12-27 00:00:00+00:00,4037.36
2021-12-28 00:00:00+00:00,3791.99
2021-12-29 00:00:00+00:00,3628.55
2021-12-30 00:00:00+00:00,3708.37
2021-12-31 00:00:00+00:00,3676.02
2022-01-01 00:00:00+00:00,3763.06
2022-01-02 00:00:00+00:00,3826.21
2022-01-03 00:00:00+00:00,3764.07
2022-01-04 00:00:00+00:00,3785.6
2022-01-05 00:00:00+00:00,3537.71
2022-01-06 00:00:00+00:00,3404.6
2022-01-07 00:00:00+00:00,3196.58
2022-01-08 00:00:00+00:00,3080.03
2022-01-09 00:00:00+00:00,3150.0
2022-01-10 00:00:00+00:00,3081.31
2022-01-11 00:00:00+00:00,3236.86
2022-01-12 00:00:00+00:00,3369.93
2022-01-13 00:00:00+00:00,3240.36
2022-01-14 00:00:00+00:00,3305.6
2022-01-15 00:00:00+00:00,3324.05
2022-01-16 00:00:00+00:00,3345.49
2022-01-17 00:00:00+00:00,3208.61
2022-01-18 00:00:00+00:00,3159.32
2022-01-19 00:00:00+00:00,3082.81
2022-01-20 00:00:00+00:00,2999.92
2022-01-21 00:00:00+00:00,2566.91
2022-01-22 00:00:00+00:00,2410.96
2022-01-23 00:00:00+00:00,2538.41
2022-01-24 00:00:00+00:00,2438.13
2022-01-25 00:00:00+00:00,2457.37
2022-01-26 00:00:00+00:00,2461.61
2022-01-27 00:00:00+00:00,2422.61
2022-01-28 00:00:00+00:00,2543.34
2022-01-29 00:00:00+00:00,2599.94
2022-01-30 00:00:00+00:00,2600.45
2022-01-31 00:00:00+00:00,2685.34
2022-02-01 00:00:00+00:00,2786.38
2022-02-02 00:00:00+00:00,2678.0
2022-02-03 00:00:00+00:00,2694.37
2022-02-04 00:00:00+00:00,2993.65
2022-02-05 00:00:00+00:00,3011.59
2022-02-06 00:00:00+00:00,3054.26
2022-02-07 00:00:00+00:00,3138.55
2022-02-08 00:00:00+00:00,3115.23
2022-02-09 00:00:00+00:00,3241.82
2022-02-10 00:00:00+00:00,3070.9
2022-02-11 00:00:00+00:00,2926.04
2022-02-12 00:00:00+00:00,2916.93
2022-02-13 00:00:00+00:00,2870.32
2022-02-14 00:00:00+00:00,2928.87
2022-02-15 00:00:00+00:00,3183.73
2022-02-16 00:00:00+00:00,3121.8
2022-02-17 00:00:00+00:00,2890.8
2022-02-18 00:00:00+00:00,2778.46
2022-02-19 00:00:00+00:00,2761.89
2022-02-20 00:00:00+00:00,2620.72
2022-02-21 00:00:00+00:00,2566.88
2022-02-22 00:00:00+00:00,2635.57
2022-02-23 00:00:00+00:00,2578.02
2022-02-24 00:00:00+00:00,2595.47
2022-02-25 00:00:00+00:00,2766.36
2022-02-26 00:00:00+00:00,2778.15
2022-02-27 00:00:00+00:00,2615.99
2022-02-28 00:00:00+00:00,2920.1
2022-03-01 00:00:00+00:00,2975.61
2022-03-02 00:00:00+00:00,2947.47
2022-03-03 00:00:00+00:00,2832.97
2022-03-04 00:00:00+00:00,2620.25
2022-03-05 00:00:00+00:00,2663.55
2022-03-06 00:00:00+00:00,2549.37
2022-03-07 00:00:00+00:00,2489.9
2022-03-08 00:00:00+00:00,2575.49
2022-03-09 00:00:00+00:00,2726.37
2022-03-10 00:00:00+00:00,2605.44
2022-03-11 00:00:00+00:00,2555.89
2022-03-12 00:00:00+00:00,2567.64
2022-03-13 00:00:00+00:00,2514.07
2022-03-14 00:00:00+00:00,2588.96
2022-03-15 00:00:00+00:00,2617.29
2022-03-16 00:00:00+00:00,2772.78
2022-03-17 00:00:00+00:00,2810.74
2022-03-18 00:00:00+00:00,2938.02
2022-03-19 00:00:00+00:00,2950.0
2022-03-20 00:00:00+00:00,2860.47
2022-03-21 00:00:00+00:00,2889.08
2022-03-22 00:00:00+00:00,2968.49
2022-03-23 00:00:00+00:00,3035.55
2022-03-24 00:00:00+00:00,3109.89
2022-03-25 00:00:00+00:00,3101.37
2022-03-26 00:00:00+00:00,3143.47
2022-03-27 00:00:00+00:00,3295.01
2022-03-28 00:00:00+00:00,3333.62
2022-03-29 00:00:00+00:00,3399.0
2022-03-30 00:00:00+00:00,3385.1
2022-03-31 00:00:00+00:00,3281.43
2022-04-01 00:00:00+00:00,3454.33
2022-04-02 00:00:00+00:00,3443.07
2022-04-03 00:00:00+00:00,3520.76
2022-04-04 00:00:00+00:00,3518.96
2022-04-05 00:00:00+00:00,3405.04
2022-04-06 00:00:00+00:00,3166.78
2022-04-07 00:00:00+00:00,3225.15
2022-04-08 00:00:00+00:00,3191.26
2022-04-09 00:00:00+00:00,3257.53
2022-04-10 00:00:00+00:00,3200.24
2022-04-11 00:00:00+00:00,2978.69
2022-04-12 00:00:00+00:00,3026.3
2022-04-13 00:00:00+00:00,3116.45
2022-04-14 00:00:00+00:00,3019.82
2022-04-15 00:00:00+00:00,3039.19
2022-04-16 00:00:00+00:00,3057.99
2022-04-17 00:00:00+00:00,2986.03
2022-04-18 00:00:00+00:00,3054.02
2022-04-19 00:00:00+00:00,3100.42
2022-04-20 00:00:00+00:00,3074.01
2022-04-21 00:00:00+00:00,2981.31
2022-04-22 00:00:00+00:00,2960.38
2022-04-23 00:00:00+00:00,2930.28
2022-04-24 00:00:00+00:00,2918.97
2022-04-25 00:00:00+00:00,3006.11
2022-04-26 00:00:00+00:00,2807.88
2022-04-27 00:00:00+00:00,2887.57
2022-04-28 00:00:00+00:00,2935.39
2022-04-29 00:00:00+00:00,2815.37
2022-04-30 00:00:00+00:00,2725.1
2022-05-01 00:00:00+00:00,2823.38
2022-05-02 00:00:00+00:00,2855.16
2022-05-03 00:00:00+00:00,2780.91
2022-05-04 00:00:00+00:00,2939.76
2022-05-05 00:00:00+00:00,2746.37
2022-05-06 00:00:00+00:00,2691.59
2022-05-07 00:00:00+00:00,2634.82
2022-05-08 00:00:00+00:00,2518.9
2022-05-09 00:00:00+00:00,2227.48
2022-05-10 00:00:00+00:00,2340.86
2022-05-11 00:00:00+00:00,2083.98
2022-05-12 00:00:00+00:00,1959.78
2022-05-13 00:00:00+00:00,2008.49
2022-05-14 00:00:00+00:00,2055.0
2022-05-15 00:00:00+00:00,2144.07
2022-05-16 00:00:00+00:00,2022.89
2022-05-17 00:00:00+00:00,2090.0
2022-05-18 00:00:00+00:00,1914.2
2022-05-19 00:00:00+00:00,2019.46
2022-05-20 00:00:00+00:00,1958.69
2022-05-21 00:00:00+00:00,1973.94
2022-05-22 00:00:00+00:00,2042.63
2022-05-23 00:00:00+00:00,1972.45
2022-05-24 00:00:00+00:00,1978.56
2022-05-25 00:00:00+00:00,1942.0
2022-05-26 00:00:00+00:00,1791.02
2022-05-27 00:00:00+00:00,1726.55
2022-05-28 00:00:00+00:00,1791.74
2022-05-29 00:00:00+00:00,1812.45
2022-05-30 00:00:00+00:00,1997.87
2022-05-31 00:00:00+00:00,1941.68
2022-06-01 00:00:00+00:00,1817.1
2022-06-02 00:00:00+00:00,1833.37
2022-06-03 00:00:00+00:00,1774.15
2022-06-04 00:00:00+00:00,1803.71
2022-06-05 00:00:00+00:00,1805.39
2022-06-06 00:00:00+00:00,1859.11
2022-06-07 00:00:00+00:00,1812.61
2022-06-08 00:00:00+00:00,1791.02
2022-06-09 00:00:00+00:00,1788.03
2022-06-10 00:00:00+00:00,1661.95
2022-06-11 00:00:00+00:00,1532.19
2022-06-12 00:00:00+00:00,1434.35
2022-06-13 00:00:00+00:00,1209.04
2022-06-14 00:00:00+00:00,1208.32
2022-06-15 00:00:00+00:00,1236.49
2022-06-16 00:00:00+00:00,1067.77
2022-06-17 00:00:00+00:00,1085.99
2022-06-18 00:00:00+00:00,994.09
2022-06-19 00:00:00+00:00,1127.88
2022-06-20 00:00:00+00:00,1127.83
2022-06-21 00:00:00+00:00,1125.47
2022-06-22 00:00:00+00:00,1049.4
2022-06-23 00:00:00+00:00,1143.71
2022-06-24 00:00:00+00:00,1224.42
2022-06-25 00:00:00+00:00,1241.6
2022-06-26 00:00:00+00:00,1197.21
2022-06-27 00:00:00+00:00,1191.9
2022-06-28 00:00:00+00:00,1143.5
2022-06-29 00:00:00+00:00,1099.32
2022-06-30 00:00:00+00:00,1070.85
2022-07-01 00:00:00+00:00,1059.24
2022-07-02 00:00:00+00:00,1066.53
2022-07-03 00:00:00+00:00,1073.9
2022-07-04 00:00:00+00:00,1150.23
2022-07-05 00:00:00+00:00,1131.8
2022-07-06 00:00:00+00:00,1186.37
2022-07-07 00:00:00+00:00,1236.92
2022-07-08 00:00:00+00:00,1213.53
2022-07-09 00:00:00+00:00,1216.48
2022-07-10 00:00:00+00:00,1167.81
2022-07-11 00:00:00+00:00,1095.95
2022-07-12 00:00:00+00:00,1037.88
2022-07-13 00:00:00+00:00,1114.19
2022-07-14 00:00:00+00:00,1193.01
2022-07-15 00:00:00+00:00,1230.58
2022-07-16 00:00:00+00:00,1355.37
2022-07-17 00:00:00+00:00,1338.27
2022-07-18 00:00:00+00:00,1580.12
2022-07-19 00:00:00+00:00,1541.39
2022-07-20 00:00:00+00:00,1521.34
2022-07-21 00:00:00+00:00,1575.39
2022-07-22 00:00:00+00:00,1534.53
2022-07-23 00:00:00+00:00,1548.01
2022-07-24 00:00:00+00:00,1597.77
2022-07-25 00:00:00+00:00,1440.4
2022-07-26 00:00:00+00:00,1448.27
2022-07-27 00:00:00+00:00,1635.45
2022-07-28 00:00:00+00:00,1723.82
2022-07-29 00:00:00+00:00,1721.85
2022-07-30 00:00:00+00:00,1696.68
2022-07-31 00:00:00+00:00,1677.63
2022-08-01 00:00:00+00:00,1629.45
2022-08-02 00:00:00+00:00,1629.97
2022-08-03 00:00:00+00:00,1617.37
2022-08-04 00:00:00+00:00,1607.2
2022-08-05 00:00:00+00:00,1737.13
2022-08-06 00:00:00+00:00,1689.85
2022-08-07 00:00:00+00:00,1699.25
2022-08-08 00:00:00+00:00,1776.09
2022-08-09 00:00:00+00:00,1702.04
2022-08-10 00:00:00+00:00,1853.24
2022-08-11 00:00:00+00:00,1879.35
2022-08-12 00:00:00+00:00,1957.4
2022-08-13 00:00:00+00:00,1982.8
2022-08-14 00:00:00+00:00,1934.55
2022-08-15 00:00:00+00:00,1898.56
2022-08-16 00:00:00+00:00,1875.78
2022-08-17 00:00:00+00:00,1833.55
2022-08-18 00:00:00+00:00,1845.86
2022-08-19 00:00:00+00:00,1608.29
2022-08-20 00:00:00+00:00,1574.93
2022-08-21 00:00:00+00:00,1617.17
2022-08-22 00:00:00+00:00,1624.02
2022-08-23 00:00:00+00:00,1664.19
2022-08-24 00:00:00+00:00,1655.71
2022-08-25 00:00:00+00:00,1694.16
2022-08-26 00:00:00+00:00,1507.23
2022-08-27 00:00:00+00:00,1490.0
2022-08-28 00:00:00+00:00,1426.3
2022-08-29 00:00:00+00:00,1550.67
2022-08-30 00:00:00+00:00,1523.48
2022-08-31 00:00:00+00:00,1553.04
2022-09-01 00:00:00+00:00,1585.4
2022-09-02 00:00:00+00:00,1574.49
2022-09-03 00:00:00+00:00,1556.41
2022-09-04 00:00:00+00:00,1578.14
2022-09-05 00:00:00+00:00,1616.92
2022-09-06 00:00:00+00:00,1558.23
2022-09-07 00:00:00+00:00,1629.35
2022-09-08 00:00:00+00:00,1634.22
2022-09-09 00:00:00+00:00,1717.48
2022-09-10 00:00:00+00:00,1773.05
2022-09-11 00:00:00+00:00,1765.01
2022-09-12 00:00:00+00:00,1715.14
2022-09-13 00:00:00+00:00,1571.9
2022-09-14 00:00:00+00:00,1635.39
2022-09-15 00:00:00+00:00,1471.93
2022-09-16 00:00:00+00:00,1433.58
2022-09-17 00:00:00+00:00,1467.96
2022-09-18 00:00:00+00:00,1333.67
2022-09-19 00:00:00+00:00,1375.05
2022-09-20 00:00:00+00:00,1322.08
2022-09-21 00:00:00+00:00,1244.19
2022-09-22 00:00:00+00:00,1325.73
2022-09-23 00:00:00+00:00,1326.62
2022-09-24 00:00:00+00:00,1316.19
2022-09-25 00:00:00+00:00,1293.99
2022-09-26 00:00:00+00:00,1335.25
2022-09-27 00:00:00+00:00,1327.19
2022-09-28 00:00:00+00:00,1336.43
2022-09-29 00:00:00+00:00,1334.8
2022-09-30 00:00:00+00:00,1327.78
2022-10-01 00:00:00+00:00,1311.31
2022-10-02 00:00:00+00:00,1275.96
2022-10-03 00:00:00+00:00,1322.59
2022-10-04 00:00:00+00:00,1360.73
2022-10-05 00:00:00+00:00,1351.61
2022-10-06 00:00:00+00:00,1351.5
2022-10-07 00:00:00+00:00,1330.41
2022-10-08 00:00:00+00:00,1314.74
2022-10-09 00:00:00+00:00,1322.61
2022-10-10 00:00:00+00:00,1289.56
2022-10-11 00:00:00+00:00,1279.68
2022-10-12 00:00:00+00:00,1294.02
2022-10-13 00:00:00+00:00,1286.38
2022-10-14 00:00:00+00:00,1295.35
2022-10-15 00:00:00+00:00,1274.13
2022-10-16 00:00:00+00:00,1305.51
2022-10-17 00:00:00+00:00,1330.62
2022-10-18 00:00:00+00:00,1309.93
2022-10-19 00:00:00+00:00,1284.45
2022-10-20 00:00:00+00:00,1282.2
2022-10-21 00:00:00+00:00,1299.08
2022-10-22 00:00:00+00:00,1313.19
2022-10-23 00:00:00+00:00,1363.44
2022-10-24 00:00:00+00:00,1342.72
2022-10-25 00:00:00+00:00,1459.2
2022-10-26 00:00:00+00:00,1565.45
2022-10-27 00:00:00+00:00,1513.7
2022-10-28 00:00:00+00:00,1553.79
2022-10-29 00:00:00+00:00,1618.82
2022-10-30 00:00:00+00:00,1589.89
2022-10-31 00:00:00+00:00,1572.01
2022-11-01 00:00:00+00:00,1577.88
2022-11-02 00:00:00+00:00,1517.26
2022-11-03 00:00:00+00:00,1530.27
2022-11-04 00:00:00+00:00,1644.09
2022-11-05 00:00:00+00:00,1626.11
2022-11-06 00:00:00+00:00,1567.42
2022-11-07 00:00:00+00:00,1567.52
2022-11-08 00:00:00+00:00,1333.4
2022-11-09 00:00:00+00:00,1101.49
2022-11-10 00:00:00+00:00,1298.21
2022-11-11 00:00:00+00:00,1288.64
2022-11-12 00:00:00+00:00,1256.82
2022-11-13 00:00:00+00:00,1220.78
2022-11-14 00:00:00+00:00,1242.89
2022-11-15 00:00:00+00:00,1252.81
2022-11-16 00:00:00+00:00,1215.78
2022-11-17 00:00:00+00:00,1199.7
2022-11-18 00:00:00+00:00,1212.04
2022-11-19 00:00:00+00:00,1216.91
2022-11-20 00:00:00+00:00,1141.57
2022-11-21 00:00:00+00:00,1106.95
2022-11-22 00:00:00+00:00,1139.11
2022-11-23 00:00:00+00:00,1183.83
2022-11-24 00:00:00+00:00,1202.92
2022-11-25 00:00:00+00:00,1198.55
2022-11-26 00:00:00+00:00,1204.84
2022-11-27 00:00:00+00:00,1193.26
2022-11-28 00:00:00+00:00,1167.21
2022-11-29 00:00:00+00:00,1215.74
2022-11-30 00:00:00+00:00,1294.02
2022-12-01 00:00:00+00:00,1275.7
2022-12-02 00:00:00+00:00,1295.0
2022-12-03 00:00:00+00:00,1239.76
2022-12-04 00:00:00+00:00,1278.82
2022-12-05 00:00:00+00:00,1258.66
2022-12-06 00:00:00+00:00,1270.72
2022-12-07 00:00:00+00:00,1230.83
2022-12-08 00:00:00+00:00,1279.73
2022-12-09 00:00:00+00:00,1262.31
2022-12-10 00:00:00+00:00,1265.88
2022-12-11 00:00:00+00:00,1262.43
2022-12-12 00:00:00+00:00,1274.88
2022-12-13 00:00:00+00:00,1321.06
2022-12-14 00:00:00+00:00,1307.76
2022-12-15 00:00:00+00:00,1266.26
2022-12-16 00:00:00+00:00,1166.2
2022-12-17 00:00:00+00:00,1186.45
2022-12-18 00:00:00+00:00,1182.45
2022-12-19 00:00:00+00:00,1167.21
2022-12-20 00:00:00+00:00,1216.21
2022-12-21 00:00:00+00:00,1213.21
2022-12-22 00:00:00+00:00,1217.39
2022-12-23 00:00:00+00:00,1219.5
2022-12-24 00:00:00+00:00,1219.96
2022-12-25 00:00:00+00:00,1217.96
2022-12-26 00:00:00+00:00,1227.57
2022-12-27 00:00:00+00:00,1211.29
2022-12-28 00:00:00+00:00,1189.93
2022-12-29 00:00:00+00:00,1200.35
2022-12-30 00:00:00+00:00,1199.66
2022-12-31 00:00:00+00:00,1196.1
2023-01-01 00:00:00+00:00,1199.96
2023-01-02 00:00:00+00:00,1213.23
2023-01-03 00:00:00+00:00,1214.23
2023-01-04 00:00:00+00:00,1256.39
2023-01-05 00:00:00+00:00,1251.08
2023-01-06 00:00:00+00:00,1268.54
2023-01-07 00:00:00+00:00,1263.65
2023-01-08 00:00:00+00:00,1289.65
2023-01-09 00:00:00+00:00,1320.32
2023-01-10 00:00:00+00:00,1335.3
2023-01-11 00:00:00+00:00,1389.26
2023-01-12 00:00:00+00:00,1415.84
2023-01-13 00:00:00+00:00,1450.94
2023-01-14 00:00:00+00:00,1550.27
2023-01-15 00:00:00+00:00,1553.47
2023-01-16 00:00:00+00:00,1577.11
2023-01-17 00:00:00+00:00,1565.84
2023-01-18 00:00:00+00:00,1511.66
2023-01-19 00:00:00+00:00,1551.11
2023-01-20 00:00:00+00:00,1659.01
2023-01-21 00:00:00+00:00,1627.63
2023-01-22 00:00:00+00:00,1628.14
2023-01-23 00:00:00+00:00,1626.9
2023-01-24 00:00:00+00:00,1555.99
2023-01-25 00:00:00+00:00,1611.41
2023-01-26 00:00:00+00:00,1600.69
2023-01-27 00:00:00+00:00,1597.08
2023-01-28 00:00:00+00:00,1571.52
2023-01-29 00:00:00+00:00,1645.67
2023-01-30 00:00:00+00:00,1565.92
2023-01-31 00:00:00+00:00,1585.02
2023-02-01 00:00:00+00:00,1641.8
2023-02-02 00:00:00+00:00,1643.81
2023-02-03 00:00:00+00:00,1663.68
2023-02-04 00:00:00+00:00,1666.44
2023-02-05 00:00:00+00:00,1628.98
2023-02-06 00:00:00+00:00,1613.9
2023-02-07 00:00:00+00:00,1670.51
2023-02-08 00:00:00+00:00,1650.26
2023-02-09 00:00:00+00:00,1544.68
2023-02-10 00:00:00+00:00,1512.26
2023-02-11 00:00:00+00:00,1537.65
2023-02-12 00:00:00+00:00,1514.49
2023-02-13 00:00:00+00:00,1504.85
2023-02-14 00:00:00+00:00,1554.94
2023-02-15 00:00:00+00:00,1675.0
2023-02-16 00:00:00+00:00,1639.0
2023-02-17 00:00:00+00:00,1694.12
2023-02-18 00:00:00+00:00,1691.66
2023-02-19 00:00:00+00:00,1680.31
2023-02-20 00:00:00+00:00,1703.7
2023-02-21 00:00:00+00:00,1659.2
2023-02-22 00:00:00+00:00,1642.01
2023-02-23 00:00:00+00:00,1649.69
2023-02-24 00:00:00+00:00,1607.12
2023-02-25 00:00:00+00:00,1593.59
2023-02-26 00:00:00+00:00,1640.49
2023-02-27 00:00:00+00:00,1632.6
2023-02-28 00:00:00+00:00,1604.72
2023-03-01 00:00:00+00:00,1664.46
2023-03-02 00:00:00+00:00,1647.29
2023-03-03 00:00:00+00:00,1568.86
2023-03-04 00:00:00+00:00,1566.05
2023-03-05 00:00:00+00:00,1564.06
2023-03-06 00:00:00+00:00,1565.17
2023-03-07 00:00:00+00:00,1561.29
2023-03-08 00:00:00+00:00,1531.82
2023-03-09 00:00:00+00:00,1436.42
2023-03-10 00:00:00+00:00,1425.79
2023-03-11 00:00:00+00:00,1471.03
2023-03-12 00:00:00+00:00,1579.26
2023-03-13 00:00:00+00:00,1673.9
2023-03-14 00:00:00+00:00,1699.93
2023-03-15 00:00:00+00:00,1649.81
2023-03-16 00:00:00+00:00,1672.56
2023-03-17 00:00:00+00:00,1789.21
2023-03-18 00:00:00+00:00,1758.52
2023-03-19 00:00:00+00:00,1779.99
2023-03-20 00:00:00+00:00,1731.71
2023-03-21 00:00:00+00:00,1800.14
2023-03-22 00:00:00+00:00,1733.61
2023-03-23 00:00:00+00:00,1813.27
2023-03-24 00:00:00+00:00,1748.77
2023-03-25 00:00:00+00:00,1741.02
2023-03-26 00:00:00+00:00,1772.63
2023-03-27 00:00:00+00:00,1714.35
2023-03-28 00:00:00+00:00,1772.09
2023-03-29 00:00:00+00:00,1791.89
2023-03-30 00:00:00+00:00,1792.77
2023-03-31 00:00:00+00:00,1820.81
2023-04-01 00:00:00+00:00,1819.82
2023-04-02 00:00:00+00:00,1793.56
2023-04-03 00:00:00+00:00,1809.68
2023-04-04 00:00:00+00:00,1869.11
2023-04-05 00:00:00+00:00,1907.48
2023-04-06 00:00:00+00:00,1871.33
2023-04-07 00:00:00+00:00,1862.87
2023-04-08 00:00:00+00:00,1848.02
2023-04-09 00:00:00+00:00,1857.84
2023-04-10 00:00:00+00:00,1908.9
2023-04-11 00:00:00+00:00,1888.89
2023-04-12 00:00:00+00:00,1916.86
2023-04-13 00:00:00+00:00,2011.8
2023-04-14 00:00:00+00:00,2099.77
2023-04-15 00:00:00+00:00,2091.2
2023-04-16 00:00:00+00:00,2118.09
2023-04-17 00:00:00+00:00,2074.49
2023-04-18 00:00:00+00:00,2103.29
2023-04-19 00:00:00+00:00,1932.83
2023-04-20 00:00:00+00:00,1942.11
2023-04-21 00:00:00+00:00,1848.0
2023-04-22 00:00:00+00:00,1873.39
2023-04-23 00:00:00+00:00,1861.3
2023-04-24 00:00:00+00:00,1841.19
2023-04-25 00:00:00+00:00,1865.4
2023-04-26 00:00:00+00:00,1865.02
2023-04-27 00:00:00+00:00,1907.67
2023-04-28 00:00:00+00:00,1890.13
2023-04-29 00:00:00+00:00,1907.01
2023-04-30 00:00:00+00:00,1868.41
2023-05-01 00:00:00+00:00,1829.97
2023-05-02 00:00:00+00:00,1869.2
2023-05-03 00:00:00+00:00,1904.74
2023-05-04 00:00:00+00:00,1876.13
2023-05-05 00:00:00+00:00,1992.56
2023-05-06 00:00:00+00:00,1895.29
2023-05-07 00:00:00+00:00,1869.5
2023-05-08 00:00:00+00:00,1846.54
2023-05-09 00:00:00+00:00,1845.8
2023-05-10 00:00:00+00:00,1839.86
2023-05-11 00:00:00+00:00,1793.24
2023-05-12 00:00:00+00:00,1806.53
2023-05-13 00:00:00+00:00,1794.44
2023-05-14 00:00:00+00:00,1798.25
2023-05-15 00:00:00+00:00,1815.56
2023-05-16 00:00:00+00:00,1823.53
2023-05-17 00:00:00+00:00,1821.65
2023-05-18 00:00:00+00:00,1799.69
2023-05-19 00:00:00+00:00,1811.38
2023-05-20 00:00:00+00:00,1818.59
2023-05-21 00:00:00+00:00,1803.89
2023-05-22 00:00:00+00:00,1816.67
2023-05-23 00:00:00+00:00,1853.36
2023-05-24 00:00:00+00:00,1798.84
2023-05-25 00:00:00+00:00,1804.65
2023-05-26 00:00:00+00:00,1826.81
2023-05-27 00:00:00+00:00,1828.85
2023-05-28 00:00:00+00:00,1908.36
2023-05-29 00:00:00+00:00,1891.5
2023-05-30 00:00:00+00:00,1899.81
2023-05-31 00:00:00+00:00,1872.84
2023-06-01 00:00:00+00:00,1860.59
2023-06-02 00:00:00+00:00,1905.58
2023-06-03 00:00:00+00:00,1890.91
2023-06-04 00:00:00+00:00,1888.54
2023-06-05 00:00:00+00:00,1810.03
2023-06-06 00:00:00+00:00,1883.26
2023-06-07 00:00:00+00:00,1831.31
2023-06-08 00:00:00+00:00,1844.94
2023-06-09 00:00:00+00:00,1839.61
2023-06-10 00:00:00+00:00,1750.64
2023-06-11 00:00:00+00:00,1751.8
2023-06-12 00:00:00+00:00,1741.61
2023-06-13 00:00:00+00:00,1739.24
2023-06-14 00:00:00+00:00,1650.18
2023-06-15 00:00:00+00:00,1665.64
2023-06-16 00:00:00+00:00,1717.31
2023-06-17 00:00:00+00:00,1727.2
2023-06-18 00:00:00+00:00,1719.99
2023-06-19 00:00:00+00:00,1736.21
2023-06-20 00:00:00+00:00,1791.37
2023-06-21 00:00:00+00:00,1888.31
2023-06-22 00:00:00+00:00,1871.36
2023-06-23 00:00:00+00:00,1892.2
2023-06-24 00:00:00+00:00,1874.48
2023-06-25 00:00:00+00:00,1898.27
2023-06-26 00:00:00+00:00,1858.14
2023-06-27 00:00:00+00:00,1889.05
2023-06-28 00:00:00+00:00,1827.26
2023-06-29 00:00:00+00:00,1851.19
2023-06-30 00:00:00+00:00,1933.41
2023-07-01 00:00:00+00:00,1924.08
2023-07-02 00:00:00+00:00,1937.69
2023-07-03 00:00:00+00:00,1955.0
2023-07-04 00:00:00+00:00,1935.72
2023-07-05 00:00:00+00:00,1909.88
2023-07-06 00:00:00+00:00,1844.82
2023-07-07 00:00:00+00:00,1870.0
2023-07-08 00:00:00+00:00,1864.45
2023-07-09 00:00:00+00:00,1861.81
2023-07-10 00:00:00+00:00,1879.34
2023-07-11 00:00:00+00:00,1877.66
2023-07-12 00:00:00+00:00,1870.81
2023-07-13 00:00:00+00:00,2004.78
2023-07-14 00:00:00+00:00,1936.74
2023-07-15 00:00:00+00:00,1930.4
2023-07-16 00:00:00+00:00,1920.97
2023-07-17 00:00:00+00:00,1910.37
2023-07-18 00:00:00+00:00,1896.46
2023-07-19 00:00:00+00:00,1887.55
2023-07-20 00:00:00+00:00,1890.56
2023-07-21 00:00:00+00:00,1890.84
2023-07-22 00:00:00+00:00,1865.6
2023-07-23 00:00:00+00:00,1887.86
2023-07-24 00:00:00+00:00,1849.04
2023-07-25 00:00:00+00:00,1856.91
2023-07-26 00:00:00+00:00,1870.98
2023-07-27 00:00:00+00:00,1860.28
2023-07-28 00:00:00+00:00,1873.39
2023-07-29 00:00:00+00:00,1879.85
2023-07-30 00:00:00+00:00,1860.76
2023-07-31 00:00:00+00:00,1855.39
2023-08-01 00:00:00+00:00,1873.05
2023-08-02 00:00:00+00:00,1839.07
2023-08-03 00:00:00+00:00,1834.69
2023-08-04 00:00:00+00:00,1829.4
2023-08-05 00:00:00+00:00,1835.5
2023-08-06 00:00:00+00:00,1829.38
2023-08-07 00:00:00+00:00,1828.18
2023-08-08 00:00:00+00:00,1855.36
2023-08-09 00:00:00+00:00,1854.7
2023-08-10 00:00:00+00:00,1851.42
2023-08-11 00:00:00+00:00,1848.04
2023-08-12 00:00:00+00:00,1849.14
2023-08-13 00:00:00+00:00,1840.09
2023-08-14 00:00:00+00:00,1844.81
2023-08-15 00:00:00+00:00,1828.28
2023-08-16 00:00:00+00:00,1807.19
2023-08-17 00:00:00+00:00,1681.0
2023-08-18 00:00:00+00:00,1660.76
2023-08-19 00:00:00+00:00,1668.69
2023-08-20 00:00:00+00:00,1684.16
2023-08-21 00:00:00+00:00,1666.79
2023-08-22 00:00:00+00:00,1634.5
2023-08-23 00:00:00+00:00,1678.8
2023-08-24 00:00:00+00:00,1660.22
2023-08-25 00:00:00+00:00,1653.24
2023-08-26 00:00:00+00:00,1646.28
2023-08-27 00:00:00+00:00,1657.59
2023-08-28 00:00:00+00:00,1652.51
2023-08-29 00:00:00+00:00,1728.51
2023-08-30 00:00:00+00:00,1704.39
2023-08-31 00:00:00+00:00,1645.27
2023-09-01 00:00:00+00:00,1628.19
2023-09-02 00:00:00+00:00,1636.24
2023-09-03 00:00:00+00:00,1635.02
2023-09-04 00:00:00+00:00,1630.09
2023-09-05 00:00:00+00:00,1633.63
2023-09-06 00:00:00+00:00,1632.33
2023-09-07 00:00:00+00:00,1647.27
2023-09-08 00:00:00+00:00,1635.78
2023-09-09 00:00:00+00:00,1634.8
2023-09-10 00:00:00+00:00,1616.47
2023-09-11 00:00:00+00:00,1551.03
2023-09-12 00:00:00+00:00,1592.29
2023-09-13 00:00:00+00:00,1606.68
2023-09-14 00:00:00+00:00,1625.65
2023-09-15 00:00:00+00:00,1640.67
2023-09-16 00:00:00+00:00,1633.68
2023-09-17 00:00:00+00:00,1621.62
2023-09-18 00:00:00+00:00,1635.63
2023-09-19 00:00:00+00:00,1642.49
2023-09-20 00:00:00+00:00,1621.6
2023-09-21 00:00:00+00:00,1583.0
2023-09-22 00:00:00+00:00,1592.28
2023-09-23 00:00:00+00:00,1592.97
2023-09-24 00:00:00+00:00,1579.99
2023-09-25 00:00:00+00:00,1587.69
2023-09-26 00:00:00+00:00,1593.3
2023-09-27 00:00:00+00:00,1597.89
2023-09-28 00:00:00+00:00,1652.13
2023-09-29 00:00:00+00:00,1666.61
2023-09-30 00:00:00+00:00,1670.18
2023-10-01 00:00:00+00:00,1733.39
2023-10-02 00:00:00+00:00,1661.49
2023-10-03 00:00:00+00:00,1656.18
2023-10-04 00:00:00+00:00,1645.75
2023-10-05 00:00:00+00:00,1611.23
2023-10-06 00:00:00+00:00,1644.33
2023-10-07 00:00:00+00:00,1633.18
2023-10-08 00:00:00+00:00,1632.02
2023-10-09 00:00:00+00:00,1579.4
2023-10-10 00:00:00+00:00,1566.89
2023-10-11 00:00:00+00:00,1566.07
2023-10-12 00:00:00+00:00,1538.81
2023-10-13 00:00:00+00:00,1551.55
2023-10-14 00:00:00+00:00,1554.15
2023-10-15 00:00:00+00:00,1557.25
2023-10-16 00:00:00+00:00,1598.61
2023-10-17 00:00:00+00:00,1563.99
2023-10-18 00:00:00+00:00,1562.65
2023-10-19 00:00:00+00:00,1565.89
2023-10-20 00:00:00+00:00,1603.14
2023-10-21 00:00:00+00:00,1628.29
2023-10-22 00:00:00+00:00,1662.83
2023-10-23 00:00:00+00:00,1766.35
2023-10-24 00:00:00+00:00,1784.31
2023-10-25 00:00:00+00:00,1786.71
2023-10-26 00:00:00+00:00,1803.3
2023-10-27 00:00:00+00:00,1780.02
2023-10-28 00:00:00+00:00,1776.76
2023-10-29 00:00:00+00:00,1795.49
2023-10-30 00:00:00+00:00,1809.81
2023-10-31 00:00:00+00:00,1815.67
2023-11-01 00:00:00+00:00,1848.2
2023-11-02 00:00:00+00:00,1800.68
2023-11-03 00:00:00+00:00,1832.49
2023-11-04 00:00:00+00:00,1856.08
2023-11-05 00:00:00+00:00,1892.49
2023-11-06 00:00:00+00:00,1901.71
2023-11-07 00:00:00+00:00,1885.79
2023-11-08 00:00:00+00:00,1888.42
2023-11-09 00:00:00+00:00,2122.92
2023-11-10 00:00:00+00:00,2079.1
2023-11-11 00:00:00+00:00,2054.52
2023-11-12 00:00:00+00:00,2046.08
2023-11-13 00:00:00+00:00,2055.18
2023-11-14 00:00:00+00:00,1980.11
2023-11-15 00:00:00+00:00,2059.29
2023-11-16 00:00:00+00:00,1962.13
2023-11-17 00:00:00+00:00,1961.21
2023-11-18 00:00:00+00:00,1963.19
2023-11-19 00:00:00+00:00,2012.46
2023-11-20 00:00:00+00:00,2022.41
2023-11-21 00:00:00+00:00,1933.44
2023-11-22 00:00:00+00:00,2063.91
2023-11-23 00:00:00+00:00,2062.68
2023-11-24 00:00:00+00:00,2081.16
2023-11-25 00:00:00+00:00,2082.87
2023-11-26 00:00:00+00:00,2061.97
2023-11-27 00:00:00+00:00,2027.57
2023-11-28 00:00:00+00:00,2048.2
2023-11-29 00:00:00+00:00,2028.41
2023-11-30 00:00:00+00:00,2051.76
2023-12-01 00:00:00+00:00,2086.99
2023-12-02 00:00:00+00:00,2165.28
2023-12-03 00:00:00+00:00,2193.24
2023-12-04 00:00:00+00:00,2243.66
2023-12-05 00:00:00+00:00,2293.97
2023-12-06 00:00:00+00:00,2233.29
2023-12-07 00:00:00+00:00,2357.04
2023-12-08 00:00:00+00:00,2360.82
2023-12-09 00:00:00+00:00,2342.4
2023-12-10 00:00:00+00:00,2353.97
2023-12-11 00:00:00+00:00,2225.56
2023-12-12 00:00:00+00:00,2204.7
2023-12-13 00:00:00+00:00,2261.44
2023-12-14 00:00:00+00:00,2316.54
2023-12-15 00:00:00+00:00,2221.71
2023-12-16 00:00:00+00:00,2229.64
2023-12-17 00:00:00+00:00,2197.93
2023-12-18 00:00:00+00:00,2220.48
2023-12-19 00:00:00+00:00,2179.02
2023-12-20 00:00:00+00:00,2203.95
2023-12-21 00:00:00+00:00,2241.35
2023-12-22 00:00:00+00:00,2326.53
2023-12-23 00:00:00+00:00,2309.86
2023-12-24 00:00:00+00:00,2265.43
2023-12-25 00:00:00+00:00,2273.07
2023-12-26 00:00:00+00:00,2232.44
2023-12-27 00:00:00+00:00,2380.31
2023-12-28 00:00:00+00:00,2345.96
2023-12-29 00:00:00+00:00,2300.6
2023-12-30 00:00:00+00:00,2293.26
2023-12-31 00:00:00+00:00,2283.85
2024-01-01 00:00:00+00:00,2354.62
2024-01-02 00:00:00+00:00,2356.93
2024-01-03 00:00:00+00:00,2210.39
2024-01-04 00:00:00+00:00,2267.85
2024-01-05 00:00:00+00:00,2268.93
2024-01-06 00:00:00+00:00,2240.36
2024-01-07 00:00:00+00:00,2220.87
2024-01-08 00:00:00+00:00,2331.11
2024-01-09 00:00:00+00:00,2344.44
2024-01-10 00:00:00+00:00,2585.82
2024-01-11 00:00:00+00:00,2618.59
2024-01-12 00:00:00+00:00,2523.3
2024-01-13 00:00:00+00:00,2578.5
2024-01-14 00:00:00+00:00,2474.36
2024-01-15 00:00:00+00:00,2512.21
2024-01-16 00:00:00+00:00,2587.4
2024-01-17 00:00:00+00:00,2530.62
2024-01-18 00:00:00+00:00,2471.29
2024-01-19 00:00:00+00:00,2492.46
2024-01-20 00:00:00+00:00,2472.27
2024-01-21 00:00:00+00:00,2457.02
2024-01-22 00:00:00+00:00,2314.33
2024-01-23 00:00:00+00:00,2241.67
2024-01-24 00:00:00+00:00,2234.62
2024-01-25 00:00:00+00:00,2218.02
2024-01-26 00:00:00+00:00,2266.72
2024-01-27 00:00:00+00:00,2266.99
2024-01-28 00:00:00+00:00,2256.0
2024-01-29 00:00:00+00:00,2316.52
2024-01-30 00:00:00+00:00,2341.95
2024-01-31 00:00:00+00:00,2282.0
2024-02-01 00:00:00+00:00,2303.33
2024-02-02 00:00:00+00:00,2307.99
2024-02-03 00:00:00+00:00,2295.42
2024-02-04 00:00:00+00:00,2288.66
2024-02-05 00:00:00+00:00,2300.83
2024-02-06 00:00:00+00:00,2371.74
2024-02-07 00:00:00+00:00,2424.22
2024-02-08 00:00:00+00:00,2418.76
2024-02-09 00:00:00+00:00,2485.24
2024-02-10 00:00:00+00:00,2499.2
2024-02-11 00:00:00+00:00,2506.1
2024-02-12 00:00:00+00:00,2660.91
2024-02-13 00:00:00+00:00,2640.83
2024-02-14 00:00:00+00:00,2776.14
2024-02-15 00:00:00+00:00,2824.54
2024-02-16 00:00:00+00:00,2803.69
2024-02-17 00:00:00+00:00,2787.43
2024-02-18 00:00:00+00:00,2883.58
2024-02-19 00:00:00+00:00,2946.55
2024-02-20 00:00:00+00:00,3017.21
2024-02-21 00:00:00+00:00,2969.65
2024-02-22 00:00:00+00:00,2972.8
2024-02-23 00:00:00+00:00,2923.35
2024-02-24 00:00:00+00:00,2994.39
2024-02-25 00:00:00+00:00,3115.24
2024-02-26 00:00:00+00:00,3178.6
2024-02-27 00:00:00+00:00,3244.98
2024-02-28 00:00:00+00:00,3387.07
2024-02-29 00:00:00+00:00,3343.15
2024-03-01 00:00:00+00:00,3435.82
2024-03-02 00:00:00+00:00,3424.43
2024-03-03 00:00:00+00:00,3491.77
2024-03-04 00:00:00+00:00,3629.72
2024-03-05 00:00:00+00:00,3555.43
2024-03-06 00:00:00+00:00,3822.36
2024-03-07 00:00:00+00:00,3871.69
2024-03-08 00:00:00+00:00,3886.04
2024-03-09 00:00:00+00:00,3908.15
2024-03-10 00:00:00+00:00,3881.22
2024-03-11 00:00:00+00:00,4070.52
2024-03-12 00:00:00+00:00,3984.18
2024-03-13 00:00:00+00:00,4008.76
2024-03-14 00:00:00+00:00,3884.99
2024-03-15 00:00:00+00:00,3745.0
2024-03-16 00:00:00+00:00,3525.58
2024-03-17 00:00:00+00:00,3646.99
2024-03-18 00:00:00+00:00,3523.43
2024-03-19 00:00:00+00:00,3161.0
2024-03-20 00:00:00+00:00,3517.8
2024-03-21 00:00:00+00:00,3495.16
2024-03-22 00:00:00+00:00,3339.0
2024-03-23 00:00:00+00:00,3330.96
2024-03-24 00:00:00+00:00,3457.16
2024-03-25 00:00:00+00:00,3592.94
2024-03-26 00:00:00+00:00,3589.64
2024-03-27 00:00:00+00:00,3504.99
2024-03-28 00:00:00+00:00,3563.99
2024-03-29 00:00:00+00:00,3512.46
2024-03-30 00:00:00+00:00,3508.66
2024-03-31 00:00:00+00:00,3648.79
2024-04-01 00:00:00+00:00,3506.52
2024-04-02 00:00:00+00:00,3280.76
2024-04-03 00:00:00+00:00,3313.29
2024-04-04 00:00:00+00:00,3329.65
2024-04-05 00:00:00+00:00,3319.66
2024-04-06 00:00:00+00:00,3353.15
2024-04-07 00:00:00+00:00,3455.99
2024-04-08 00:00:00+00:00,3697.6
2024-04-09 00:00:00+00:00,3508.45
2024-04-10 00:00:00+00:00,3547.64
2024-04-11 00:00:00+00:00,3504.43
2024-04-12 00:00:00+00:00,3238.3
2024-04-13 00:00:00+00:00,3005.46
2024-04-14 00:00:00+00:00,3153.16
2024-04-15 00:00:00+00:00,3100.75
2024-04-16 00:00:00+00:00,3082.85
2024-04-17 00:00:00+00:00,2983.25
2024-04-18 00:00:00+00:00,3062.85
2024-04-19 00:00:00+00:00,3054.91
2024-04-20 00:00:00+00:00,3154.31
2024-04-21 00:00:00+00:00,3145.73
2024-04-22 00:00:00+00:00,3198.66
2024-04-23 00:00:00+00:00,3218.04
2024-04-24 00:00:00+00:00,3138.84
2024-04-25 00:00:00+00:00,3154.44
2024-04-26 00:00:00+00:00,3129.98
2024-04-27 00:00:00+00:00,3253.97
2024-04-28 00:00:00+00:00,3262.28
2024-04-29 00:00:00+00:00,3215.27
2024-04-30 00:00:00+00:00,3012.58
2024-05-01 00:00:00+00:00,2970.61
2024-05-02 00:00:00+00:00,2984.8
2024-05-03 00:00:00+00:00,3100.83
2024-05-04 00:00:00+00:00,3115.46
2024-05-05 00:00:00+00:00,3135.24
2024-05-06 00:00:00+00:00,3061.5
2024-05-07 00:00:00+00:00,3004.55
2024-05-08 00:00:00+00:00,2972.93
2024-05-09 00:00:00+00:00,3034.75
2024-05-10 00:00:00+00:00,2908.85
2024-05-11 00:00:00+00:00,2911.27
2024-05-12 00:00:00+00:00,2927.73
2024-05-13 00:00:00+00:00,2949.71
2024-05-14 00:00:00+00:00,2880.87
2024-05-15 00:00:00+00:00,3030.66
2024-05-16 00:00:00+00:00,2943.22
2024-05-17 00:00:00+00:00,3090.48
2024-05-18 00:00:00+00:00,3121.59
2024-05-19 00:00:00+00:00,3069.98
2024-05-20 00:00:00+00:00,3664.39
2024-05-21 00:00:00+00:00,3792.32
2024-05-22 00:00:00+00:00,3740.25
2024-05-23 00:00:00+00:00,3784.8
2024-05-24 00:00:00+00:00,3729.61
2024-05-25 00:00:00+00:00,3751.15
2024-05-26 00:00:00+00:00,3827.53
2024-05-27 00:00:00+00:00,3896.09
2024-05-28 00:00:00+00:00,3847.0
2024-05-29 00:00:00+00:00,3770.0
2024-05-30 00:00:00+00:00,3750.39
2024-05-31 00:00:00+00:00,3764.35
2024-06-01 00:00:00+00:00,3817.49
2024-06-02 00:00:00+00:00,3783.98
2024-06-03 00:00:00+00:00,3769.15
2024-06-04 00:00:00+00:00,3813.12
2024-06-05 00:00:00+00:00,3868.61
2024-06-06 00:00:00+00:00,3815.76
2024-06-07 00:00:00+00:00,3679.82
2024-06-08 00:00:00+00:00,3682.11
2024-06-09 00:00:00+00:00,3707.67
2024-06-10 00:00:00+00:00,3669.66
2024-06-11 00:00:00+00:00,3498.16
2024-06-12 00:00:00+00:00,3560.45
2024-06-13 00:00:00+00:00,3469.18
2024-06-14 00:00:00+00:00,3480.51
2024-06-15 00:00:00+00:00,3567.87
2024-06-16 00:00:00+00:00,3622.96
2024-06-17 00:00:00+00:00,3509.56
2024-06-18 00:00:00+00:00,3482.34
2024-06-19 00:00:00+00:00,3558.85
2024-06-20 00:00:00+00:00,3511.26
2024-06-21 00:00:00+00:00,3517.18
2024-06-22 00:00:00+00:00,3494.26
2024-06-23 00:00:00+00:00,3419.38
2024-06-24 00:00:00+00:00,3352.0
2024-06-25 00:00:00+00:00,3393.06
2024-06-26 00:00:00+00:00,3370.76
2024-06-27 00:00:00+00:00,3450.34
2024-06-28 00:00:00+00:00,3379.51
2024-06-29 00:00:00+00:00,3377.62
2024-06-30 00:00:00+00:00,3436.73
2024-07-01 00:00:00+00:00,3440.46
2024-07-02 00:00:00+00:00,3420.43
2024-07-03 00:00:00+00:00,3294.75
2024-07-04 00:00:00+00:00,3059.31
2024-07-05 00:00:00+00:00,2980.43
2024-07-06 00:00:00+00:00,3065.5
2024-07-07 00:00:00+00:00,2930.24
2024-07-08 00:00:00+00:00,3017.51
2024-07-09 00:00:00+00:00,3065.06
2024-07-10 00:00:00+00:00,3099.12
2024-07-11 00:00:00+00:00,3098.25
2024-07-12 00:00:00+00:00,3133.24
2024-07-13 00:00:00+00:00,3174.01
2024-07-14 00:00:00+00:00,3243.56
2024-07-15 00:00:00+00:00,3481.62
2024-07-16 00:00:00+00:00,3442.83
2024-07-17 00:00:00+00:00,3386.0
2024-07-18 00:00:00+00:00,3424.99
2024-07-19 00:00:00+00:00,3502.18
2024-07-20 00:00:00+00:00,3516.03
2024-07-21 00:00:00+00:00,3534.29
2024-07-22 00:00:00+00:00,3438.08
2024-07-23 00:00:00+00:00,3481.01
2024-07-24 00:00:00+00:00,3334.24
2024-07-25 00:00:00+00:00,3173.67
2024-07-26 00:00:00+00:00,3272.82
2024-07-27 00:00:00+00:00,3248.17
2024-07-28 00:00:00+00:00,3268.03
2024-07-29 00:00:00+00:00,3316.87
2024-07-30 00:00:00+00:00,3278.17
2024-07-31 00:00:00+00:00,3231.48
2024-08-01 00:00:00+00:00,3201.67
2024-08-02 00:00:00+00:00,2988.11
2024-08-03 00:00:00+00:00,2901.94
2024-08-04 00:00:00+00:00,2687.6
2024-08-05 00:00:00+00:00,2418.6
2024-08-06 00:00:00+00:00,2459.87
2024-08-07 00:00:00+00:00,2341.41
2024-08-08 00:00:00+00:00,2681.59
2024-08-09 00:00:00+00:00,2597.9
2024-08-10 00:00:00+00:00,2608.76
2024-08-11 00:00:00+00:00,2554.65
2024-08-12 00:00:00+00:00,2721.15
2024-08-13 00:00:00+00:00,2701.01
2024-08-14 00:00:00+00:00,2659.82
2024-08-15 00:00:00+00:00,2568.73
2024-08-16 00:00:00+00:00,2591.52
2024-08-17 00:00:00+00:00,2613.18
2024-08-18 00:00:00+00:00,2610.67
2024-08-19 00:00:00+00:00,2635.15
2024-08-20 00:00:00+00:00,2571.51
2024-08-21 00:00:00+00:00,2629.38
2024-08-22 00:00:00+00:00,2622.0
2024-08-23 00:00:00+00:00,2761.58
2024-08-24 00:00:00+00:00,2766.4
2024-08-25 00:00:00+00:00,2744.47
2024-08-26 00:00:00+00:00,2679.25
2024-08-27 00:00:00+00:00,2455.98
2024-08-28 00:00:00+00:00,2527.31
2024-08-29 00:00:00+00:00,2526.28
2024-08-30 00:00:00+00:00,2524.99
2024-08-31 00:00:00+00:00,2511.91
2024-09-01 00:00:00+00:00,2424.55
2024-09-02 00:00:00+00:00,2536.74
2024-09-03 00:00:00+00:00,2424.05
2024-09-04 00:00:00+00:00,2449.67
2024-09-05 00:00:00+00:00,2367.37
2024-09-06 00:00:00+00:00,2223.7
2024-09-07 00:00:00+00:00,2272.21
2024-09-08 00:00:00+00:00,2295.89
2024-09-09 00:00:00+00:00,2358.19
2024-09-10 00:00:00+00:00,2387.63
2024-09-11 00:00:00+00:00,2339.22
2024-09-12 00:00:00+00:00,2360.79
2024-09-13 00:00:00+00:00,2438.15
2024-09-14 00:00:00+00:00,2416.65
2024-09-15 00:00:00+00:00,2314.85
2024-09-16 00:00:00+00:00,2294.61
2024-09-17 00:00:00+00:00,2340.59
2024-09-18 00:00:00+00:00,2373.93
2024-09-19 00:00:00+00:00,2464.56
2024-09-20 00:00:00+00:00,2560.29
2024-09-21 00:00:00+00:00,2611.4
2024-09-22 00:00:00+00:00,2579.94
2024-09-23 00:00:00+00:00,2645.84
2024-09-24 00:00:00+00:00,2652.0
2024-09-25 00:00:00+00:00,2578.9
2024-09-26 00:00:00+00:00,2631.11
2024-09-27 00:00:00+00:00,2693.53
2024-09-28 00:00:00+00:00,2673.9
2024-09-29 00:00:00+00:00,2656.3
2024-09-30 00:00:00+00:00,2601.49
2024-10-01 00:00:00+00:00,2446.85
2024-10-02 00:00:00+00:00,2363.0
2024-10-03 00:00:00+00:00,2348.74
2024-10-04 00:00:00+00:00,2413.38
2024-10-05 00:00:00+00:00,2413.42
2024-10-06 00:00:00+00:00,2438.77
2024-10-07 00:00:00+00:00,2421.75
2024-10-08 00:00:00+00:00,2439.84
2024-10-09 00:00:00+00:00,2369.6
2024-10-10 00:00:00+00:00,2385.24
2024-10-11 00:00:00+00:00,2438.46
2024-10-12 00:00:00+00:00,2475.09
2024-10-13 00:00:00+00:00,2467.79
2024-10-14 00:00:00+00:00,2628.88
2024-10-15 00:00:00+00:00,2606.53
2024-10-16 00:00:00+00:00,2610.39
2024-10-17 00:00:00+00:00,2605.01
2024-10-18 00:00:00+00:00,2641.11
2024-10-19 00:00:00+00:00,2647.45
2024-10-20 00:00:00+00:00,2746.98
2024-10-21 00:00:00+00:00,2666.63
2024-10-22 00:00:00+00:00,2621.78
2024-10-23 00:00:00+00:00,2523.84
2024-10-24 00:00:00+00:00,2535.39
2024-10-25 00:00:00+00:00,2440.1
2024-10-26 00:00:00+00:00,2482.04
2024-10-27 00:00:00+00:00,2507.22
2024-10-28 00:00:00+00:00,2566.49
2024-10-29 00:00:00+00:00,2639.28
2024-10-30 00:00:00+00:00,2659.36
2024-10-31 00:00:00+00:00,2518.37
2024-11-01 00:00:00+00:00,2511.57
2024-11-02 00:00:00+00:00,2493.61
2024-11-03 00:00:00+00:00,2457.29
2024-11-04 00:00:00+00:00,2397.37
2024-11-05 00:00:00+00:00,2421.42
2024-11-06 00:00:00+00:00,2722.49
2024-11-07 00:00:00+00:00,2895.76
2024-11-08 00:00:00+00:00,2962.12
2024-11-09 00:00:00+00:00,3127.03
2024-11-10 00:00:00+00:00,3185.19
2024-11-11 00:00:00+00:00,3375.02
2024-11-12 00:00:00+00:00,3245.98
2024-11-13 00:00:00+00:00,3188.9
2024-11-14 00:00:00+00:00,3061.03
2024-11-15 00:00:00+00:00,3091.75
2024-11-16 00:00:00+00:00,3134.72
2024-11-17 00:00:00+00:00,3078.09
2024-11-18 00:00:00+00:00,3210.48
2024-11-19 00:00:00+00:00,3109.34
2024-11-20 00:00:00+00:00,3071.05
2024-11-21 00:00:00+00:00,3358.42
2024-11-22 00:00:00+00:00,3330.05
2024-11-23 00:00:00+00:00,3396.33
2024-11-24 00:00:00+00:00,3362.98
2024-11-25 00:00:00+00:00,3416.92
2024-11-26 00:00:00+00:00,3327.17
2024-11-27 00:00:00+00:00,3655.88
2024-11-28 00:00:00+00:00,3581.58
2024-11-29 00:00:00+00:00,3594.5
2024-11-30 00:00:00+00:00,3705.73
2024-12-01 00:00:00+00:00,3711.24
2024-12-02 00:00:00+00:00,3646.26
2024-12-03 00:00:00+00:00,3616.82
2024-12-04 00:00:00+00:00,3840.75
2024-12-05 00:00:00+00:00,3787.31
2024-12-06 00:00:00+00:00,4001.75
2024-12-07 00:00:00+00:00,3999.79
2024-12-08 00:00:00+00:00,4007.3
2024-12-09 00:00:00+00:00,3712.55
2024-12-10 00:00:00+00:00,3628.4
2024-12-11 00:00:00+00:00,3830.44
2024-12-12 00:00:00+00:00,3880.52
2024-12-13 00:00:00+00:00,3905.6
2024-12-14 00:00:00+00:00,3868.6
2024-12-15 00:00:00+00:00,3958.5
2024-12-16 00:00:00+00:00,3984.76
2024-12-17 00:00:00+00:00,3890.81
2024-12-18 00:00:00+00:00,3625.4
2024-12-19 00:00:00+00:00,3416.7
2024-12-20 00:00:00+00:00,3470.88
2024-12-21 00:00:00+00:00,3337.6
2024-12-22 00:00:00+00:00,3280.8
2024-12-23 00:00:00+00:00,3420.74
2024-12-24 00:00:00+00:00,3491.97
2024-12-25 00:00:00+00:00,3495.72
2024-12-26 00:00:00+00:00,3333.15
2024-12-27 00:00:00+00:00,3332.09
2024-12-28 00:00:00+00:00,3402.54
2024-12-29 00:00:00+00:00,3355.46
2024-12-30 00:00:00+00:00,3360.11
2024-12-31 00:00:00+00:00,3336.57
2025-01-01 00:00:00+00:00,3359.36
2025-01-02 00:00:00+00:00,3454.83
2025-01-03 00:00:00+00:00,3607.89
2025-01-04 00:00:00+00:00,3655.99
2025-01-05 00:00:00+00:00,3634.96
2025-01-06 00:00:00+00:00,3685.72
2025-01-07 00:00:00+00:00,3379.38
2025-01-08 00:00:00+00:00,3325.38
2025-01-09 00:00:00+00:00,3218.24
2025-01-10 00:00:00+00:00,3265.52
2025-01-11 00:00:00+00:00,3281.84
2025-01-12 00:00:00+00:00,3265.7
2025-01-13 00:00:00+00:00,3136.14
2025-01-14 00:00:00+00:00,3223.99
2025-01-15 00:00:00+00:00,3449.8
2025-01-16 00:00:00+00:00,3306.94
2025-01-17 00:00:00+00:00,3472.38
2025-01-18 00:00:00+00:00,3306.7
2025-01-19 00:00:00+00:00,3214.15
2025-01-20 00:00:00+00:00,3283.2
2025-01-21 00:00:00+00:00,3326.72
2025-01-22 00:00:00+00:00,3242.0
2025-01-23 00:00:00+00:00,3337.88
2025-01-24 00:00:00+00:00,3308.62
2025-01-25 00:00:00+00:00,3317.91
2025-01-26 00:00:00+00:00,3230.5
2025-01-27 00:00:00+00:00,3180.99
2025-01-28 00:00:00+00:00,3075.96
2025-01-29 00:00:00+00:00,3112.55
2025-01-30 00:00:00+00:00,3245.86
2025-01-31 00:00:00+00:00,3299.5
2025-02-01 00:00:00+00:00,3116.22
2025-02-02 00:00:00+00:00,2868.05
2025-02-03 00:00:00+00:00,2878.69
2025-02-04 00:00:00+00:00,2730.03
2025-02-05 00:00:00+00:00,2787.0
2025-02-06 00:00:00+00:00,2685.25
2025-02-07 00:00:00+00:00,2620.66
2025-02-08 00:00:00+00:00,2630.99
2025-02-09 00:00:00+00:00,2626.07
2025-02-10 00:00:00+00:00,2659.99
2025-02-11 00:00:00+00:00,2601.03
2025-02-12 00:00:00+00:00,2737.14
2025-02-13 00:00:00+00:00,2674.52
2025-02-14 00:00:00+00:00,2724.74
2025-02-15 00:00:00+00:00,2691.73
2025-02-16 00:00:00+00:00,2660.0
2025-02-17 00:00:00+00:00,2743.0
2025-02-18 00:00:00+00:00,2670.57
2025-02-19 00:00:00+00:00,2714.06
2025-02-20 00:00:00+00:00,2736.87
2025-02-21 00:00:00+00:00,2660.85
2025-02-22 00:00:00+00:00,2762.01
2025-02-23 00:00:00+00:00,2818.54
2025-02-24 00:00:00+00:00,2512.27
2025-02-25 00:00:00+00:00,2494.45
2025-02-26 00:00:00+00:00,2335.33
2025-02-27 00:00:00+00:00,2306.66
2025-02-28 00:00:00+00:00,2236.59
2025-03-01 00:00:00+00:00,2216.6
2025-03-02 00:00:00+00:00,2517.12
2025-03-03 00:00:00+00:00,2148.22
2025-03-04 00:00:00+00:00,2170.51
2025-03-05 00:00:00+00:00,2240.45
2025-03-06 00:00:00+00:00,2201.34
2025-03-07 00:00:00+00:00,2140.72
2025-03-08 00:00:00+00:00,2202.84
2025-03-09 00:00:00+00:00,2019.2
2025-03-10 00:00:00+00:00,1864.51
2025-03-11 00:00:00+00:00,1922.61
2025-03-12 00:00:00+00:00,1907.24
2025-03-13 00:00:00+00:00,1863.76
2025-03-14 00:00:00+00:00,1910.79
2025-03-15 00:00:00+00:00,1936.27
2025-03-16 00:00:00+00:00,1885.97
2025-03-17 00:00:00+00:00,1925.37
2025-03-18 00:00:00+00:00,1930.64
2025-03-19 00:00:00+00:00,2055.21
2025-03-20 00:00:00+00:00,1982.72
2025-03-21 00:00:00+00:00,1964.81
2025-03-22 00:00:00+00:00,1979.56
2025-03-23 00:00:00+00:00,2005.0
2025-03-24 00:00:00+00:00,2080.41
2025-03-25 00:00:00+00:00,2065.22
2025-03-26 00:00:00+00:00,2008.69
2025-03-27 00:00:00+00:00,2002.8
2025-03-28 00:00:00+00:00,1896.02
2025-03-29 00:00:00+00:00,1827.32
2025-03-30 00:00:00+00:00,1806.99
2025-03-31 00:00:00+00:00,1821.59
2025-04-01 00:00:00+00:00,1904.21
2025-04-02 00:00:00+00:00,1794.1
2025-04-03 00:00:00+00:00,1816.48
2025-04-04 00:00:00+00:00,1815.97
2025-04-05 00:00:00+00:00,1805.15
2025-04-06 00:00:00+00:00,1579.98
2025-04-07 00:00:00+00:00,1552.44
2025-04-08 00:00:00+00:00,1472.67
2025-04-09 00:00:00+00:00,1668.69
2025-04-10 00:00:00+00:00,1521.57
2025-04-11 00:00:00+00:00,1565.96
2025-04-12 00:00:00+00:00,1643.6
2025-04-13 00:00:00+00:00,1596.92
2025-04-14 00:00:00+00:00,1623.02
2025-04-15 00:00:00+00:00,1588.0
2025-04-16 00:00:00+00:00,1576.58
2025-04-17 00:00:00+00:00,1582.84
2025-04-18 00:00:00+00:00,1587.91
2025-04-19 00:00:00+00:00,1612.44
2025-04-20 00:00:00+00:00,1586.56
2025-04-21 00:00:00+00:00,1578.64
2025-04-22 00:00:00+00:00,1755.57
2025-04-23 00:00:00+00:00,1794.46
2025-04-24 00:00:00+00:00,1768.8
2025-04-25 00:00:00+00:00,1783.77
2025-04-26 00:00:00+00:00,1820.0
2025-04-27 00:00:00+00:00,1790.21
2025-04-28 00:00:00+00:00,1799.22
2025-04-29 00:00:00+00:00,1796.57
2025-04-30 00:00:00+00:00,1792.71
2025-05-01 00:00:00+00:00,1837.19
2025-05-02 00:00:00+00:00,1841.22
2025-05-03 00:00:00+00:00,1832.55
2025-05-04 00:00:00+00:00,1807.87
2025-05-05 00:00:00+00:00,1819.43
2025-05-06 00:00:00+00:00,1816.22
2025-05-07 00:00:00+00:00,1810.14
2025-05-08 00:00:00+00:00,2206.54
2025-05-09 00:00:00+00:00,2344.3
2025-05-10 00:00:00+00:00,2581.91
2025-05-11 00:00:00+00:00,2513.48
2025-05-12 00:00:00+00:00,2494.16
2025-05-13 00:00:00+00:00,2678.59
2025-05-14 00:00:00+00:00,2608.74
2025-05-15 00:00:00+00:00,2547.75
2025-05-16 00:00:00+00:00,2535.72
2025-05-17 00:00:00+00:00,2474.09
2025-05-18 00:00:00+00:00,2496.98
2025-05-19 00:00:00+00:00,2526.87
2025-05-20 00:00:00+00:00,2523.09
2025-05-21 00:00:00+00:00,2550.26
2025-05-22 00:00:00+00:00,2663.72
2025-05-23 00:00:00+00:00,2525.39
2025-05-24 00:00:00+00:00,2529.27
2025-05-25 00:00:00+00:00,2550.03
2025-05-26 00:00:00+00:00,2562.43
2025-05-27 00:00:00+00:00,2659.84
2025-05-28 00:00:00+00:00,2680.4
2025-05-29 00:00:00+00:00,2630.3
2025-05-30 00:00:00+00:00,2529.63
2025-05-31 00:00:00+00:00,2527.08
2025-06-01 00:00:00+00:00,2537.89
2025-06-02 00:00:00+00:00,2606.48
2025-06-03 00:00:00+00:00,2592.16
2025-06-04 00:00:00+00:00,2606.62
2025-06-05 00:00:00+00:00,2412.9
2025-06-06 00:00:00+00:00,2475.38
2025-06-07 00:00:00+00:00,2523.4
2025-06-08 00:00:00+00:00,2508.32
2025-06-09 00:00:00+00:00,2679.12
2025-06-10 00:00:00+00:00,2815.74
2025-06-11 00:00:00+00:00,2770.34
2025-06-12 00:00:00+00:00,2641.38
2025-06-13 00:00:00+00:00,2578.09
2025-06-14 00:00:00+00:00,2529.66
2025-06-15 00:00:00+00:00,2546.32
2025-06-16 00:00:00+00:00,2543.12
2025-06-17 00:00:00+00:00,2508.99
2025-06-18 00:00:00+00:00,2523.49
2025-06-19 00:00:00+00:00,2520.18
2025-06-20 00:00:00+00:00,2405.42
2025-06-21 00:00:00+00:00,2294.63
2025-06-22 00:00:00+00:00,2226.33
2025-06-23 00:00:00+00:00,2410.39
2025-06-24 00:00:00+00:00,2447.58
2025-06-25 00:00:00+00:00,2417.28
2025-06-26 00:00:00+00:00,2414.54
2025-06-27 00:00:00+00:00,2422.06
2025-06-28 00:00:00+00:00,2434.8
2025-06-29 00:00:00+00:00,2499.25
2025-06-30 00:00:00+00:00,2484.3
2025-07-01 00:00:00+00:00,2403.65
2025-07-02 00:00:00+00:00,2569.37
2025-07-03 00:00:00+00:00,2590.17
2025-07-04 00:00:00+00:00,2506.86
2025-07-05 00:00:00+00:00,2515.25
2025-07-06 00:00:00+00:00,2569.14
2025-07-07 00:00:00+00:00,2541.37
2025-07-08 00:00:00+00:00,2613.97
2025-07-09 00:00:00+00:00,2767.7
2025-07-10 00:00:00+00:00,2950.62
2025-07-11 00:00:00+00:00,2956.93
2025-07-12 00:00:00+00:00,2941.87
2025-07-13 00:00:00+00:00,2970.37
2025-07-14 00:00:00+00:00,3012.26
2025-07-15 00:00:00+00:00,3137.62
2025-07-16 00:00:00+00:00,3370.55
2025-07-17 00:00:00+00:00,3476.65
2025-07-18 00:00:00+00:00,3546.36
2025-07-19 00:00:00+00:00,3591.31
2025-07-20 00:00:00+00:00,3755.67
2025-07-21 00:00:00+00:00,3760.96
2025-07-22 00:00:00+00:00,3746.01
2025-07-23 00:00:00+00:00,3627.49
2025-07-24 00:00:00+00:00,3706.2
2025-07-25 00:00:00+00:00,3724.17
2025-07-26 00:00:00+00:00,3740.0
2025-07-27 00:00:00+00:00,3871.47
2025-07-28 00:00:00+00:00,3796.0
2025-07-29 00:00:00+00:00,3791.55
2025-07-30 00:00:00+00:00,3808.67
2025-07-31 00:00:00+00:00,3696.58
2025-08-01 00:00:00+00:00,3486.42
2025-08-02 00:00:00+00:00,3392.42
2025-08-03 00:00:00+00:00,3495.0
2025-08-04 00:00:00+00:00,3719.42
2025-08-05 00:00:00+00:00,3610.19
2025-08-06 00:00:00+00:00,3681.21
2025-08-07 00:00:00+00:00,3908.4
2025-08-08 00:00:00+00:00,4009.05
2025-08-09 00:00:00+00:00,4259.1
2025-08-10 00:00:00+00:00,4248.77
2025-08-11 00:00:00+00:00,4221.31
2025-08-12 00:00:00+00:00,4589.31
2025-08-13 00:00:00+00:00,4748.37
2025-08-14 00:00:00+00:00,4545.26
2025-08-15 00:00:00+00:00,4437.16
2025-08-16 00:00:00+00:00,4420.22
2025-08-17 00:00:00+00:00,4470.66
2025-08-18 00:00:00+00:00,4311.73
2025-08-19 00:00:00+00:00,4073.94
2025-08-20 00:00:00+00:00,4334.5
2025-08-21 00:00:00+00:00,4223.7
2025-08-22 00:00:00+00:00,4830.37
2025-08-23 00:00:00+00:00,4777.26
2025-08-24 00:00:00+00:00,4778.32
2025-08-25 00:00:00+00:00,4374.25
2025-08-26 00:00:00+00:00,4598.49
2025-08-27 00:00:00+00:00,4504.84
2025-08-28 00:00:00+00:00,4509.1
2025-08-29 00:00:00+00:00,4358.65
2025-08-30 00:00:00+00:00,4372.0
2025-08-31 00:00:00+00:00,4389.58
2025-09-01 00:00:00+00:00,4313.0
2025-09-02 00:00:00+00:00,4324.59
2025-09-03 00:00:00+00:00,4448.22
2025-09-04 00:00:00+00:00,4295.68
2025-09-05 00:00:00+00:00,4305.71
2025-09-06 00:00:00+00:00,4271.69
2025-09-07 00:00:00+00:00,4303.84
2025-09-08 00:00:00+00:00,4303.98
2025-09-09 00:00:00+00:00,4308.4
2025-09-10 00:00:00+00:00,4347.83
2025-09-11 00:00:00+00:00,4456.86
2025-09-12 00:00:00+00:00,4710.83
2025-09-13 00:00:00+00:00,4664.74
2025-09-14 00:00:00+00:00,4602.0
2025-09-15 00:00:00+00:00,4521.54
2025-09-16 00:00:00+00:00,4499.41
2025-09-17 00:00:00+00:00,4588.3
2025-09-18 00:00:00+00:00,4585.31
2025-09-19 00:00:00+00:00,4466.49
2025-09-20 00:00:00+00:00,4478.27
2025-09-21 00:00:00+00:00,4443.01
2025-09-22 00:00:00+00:00,4196.86
2025-09-23 00:00:00+00:00,4162.25
2025-09-24 00:00:00+00:00,4150.51
2025-09-25 00:00:00+00:00,3873.1
2025-09-26 00:00:00+00:00,4030.17
2025-09-27 00:00:00+00:00,4017.01
2025-09-28 00:00:00+00:00,4139.55
2025-09-29 00:00:00+00:00,4212.98
2025-09-30 00:00:00+00:00,4142.75
2025-10-01 00:00:00+00:00,4345.85
2025-10-02 00:00:00+00:00,4481.7
2025-10-03 00:00:00+00:00,4511.11
2025-10-04 00:00:00+00:00,4484.79
2025-10-05 00:00:00+00:00,4512.34
2025-10-06 00:00:00+00:00,4682.43
2025-10-07 00:00:00+00:00,4445.76
2025-10-08 00:00:00+00:00,4523.67
2025-10-09 00:00:00+00:00,4365.83
2025-10-10 00:00:00+00:00,3819.99
2025-10-11 00:00:00+00:00,3744.99
2025-10-12 00:00:00+00:00,4149.99
2025-10-13 00:00:00+00:00,4239.7
2025-10-14 00:00:00+00:00,4123.05
2025-10-15 00:00:00+00:00,3983.81
2025-10-16 00:00:00+00:00,3892.02
2025-10-17 00:00:00+00:00,3829.99
2025-10-18 00:00:00+00:00,3887.01
2025-10-19 00:00:00+00:00,3980.59
2025-10-20 00:00:00+00:00,3977.54
2025-10-21 00:00:00+00:00,3871.11
2025-10-22 00:00:00+00:00,3803.93
2025-10-23 00:00:00+00:00,3855.21
2025-10-24 00:00:00+00:00,3933.19
2025-10-25 00:00:00+00:00,3952.25
2025-10-26 00:00:00+00:00,4156.37
2025-10-27 00:00:00+00:00,4118.47
2025-10-28 00:00:00+00:00,3977.56
2025-10-29 00:00:00+00:00,3900.38
2025-10-30 00:00:00+00:00,3802.8
2025-10-31 00:00:00+00:00,3846.42
2025-11-01 00:00:00+00:00,3872.14
2025-11-02 00:00:00+00:00,3904.8
2025-11-03 00:00:00+00:00,3602.15
2025-11-04 00:00:00+00:00,3285.28
2025-11-05 00:00:00+00:00,3423.06
2025-11-06 00:00:00+00:00,3313.7
2025-11-07 00:00:00+00:00,3434.36
2025-11-08 00:00:00+00:00,3400.07
2025-11-09 00:00:00+00:00,3581.31
2025-11-10 00:00:00+00:00,3566.38
2025-11-11 00:00:00+00:00,3416.32
2025-11-12 00:00:00+00:00,3413.46
2025-11-13 00:00:00+00:00,3230.12
2025-11-14 00:00:00+00:00,3111.2
2025-11-15 00:00:00+00:00,3166.55
2025-11-16 00:00:00+00:00,3094.05
2025-11-17 00:00:00+00:00,3030.06
2025-11-18 00:00:00+00:00,3122.2
2025-11-19 00:00:00+00:00,3024.09
2025-11-20 00:00:00+00:00,2832.97
2025-11-21 00:00:00+00:00,2764.69
2025-11-22 00:00:00+00:00,2769.06
2025-11-23 00:00:00+00:00,2800.73
2025-11-24 00:00:00+00:00,2952.19
2025-11-25 00:00:00+00:00,2958.24
2025-11-26 00:00:00+00:00,3025.02
2025-11-27 00:00:00+00:00,3013.8
2025-11-28 00:00:00+00:00,3029.8
2025-11-29 00:00:00+00:00,2987.96
2025-11-30 00:00:00+00:00,2990.02
2025-12-01 00:00:00+00:00,2797.47
2025-12-02 00:00:00+00:00,2994.63
2025-12-03 00:00:00+00:00,3187.07
2025-12-04 00:00:00+00:00,3132.01
2025-12-05 00:00:00+00:00,3020.38
2025-12-06 00:00:00+00:00,3036.53
2025-12-07 00:00:00+00:00,3058.14
2025-12-08 00:00:00+00:00,3123.14
2025-12-09 00:00:00+00:00,3316.49
2025-12-10 00:00:00+00:00,3322.79
2025-12-11 00:00:00+00:00,3235.77
2025-12-12 00:00:00+00:00,3083.34
2025-12-13 00:00:00+00:00,3113.01
2025-12-14 00:00:00+00:00,3062.02
2025-12-15 00:00:00+00:00,2963.25
2025-12-16 00:00:00+00:00,2960.84
2025-12-17 00:00:00+00:00,2832.0
2025-12-18 00:00:00+00:00,2827.3
2025-12-19 00:00:00+00:00,2978.33
2025-12-20 00:00:00+00:00,2976.54
2025-12-21 00:00:00+00:00,3000.62
2025-12-22 00:00:00+00:00,3008.49
2025-12-23 00:00:00+00:00,2963.29
2025-12-24 00:00:00+00:00,2946.23
2025-12-25 00:00:00+00:00,2902.32
2025-12-26 00:00:00+00:00,2926.82
2025-12-27 00:00:00+00:00,2947.61
2025-12-28 00:00:00+00:00,2949.6
2025-12-29 00:00:00+00:00,2936.45
2025-12-30 00:00:00+00:00,2972.22
2025-12-31 00:00:00+00:00,2970.4
2026-01-01 00:00:00+00:00,3002.49
2026-01-02 00:00:00+00:00,3123.89
2026-01-03 00:00:00+00:00,3125.47
2026-01-04 00:00:00+00:00,3143.32
2026-01-05 00:00:00+00:00,3223.71
2026-01-06 00:00:00+00:00,3295.46
2026-01-07 00:00:00+00:00,3167.52
2026-01-08 00:00:00+00:00,3105.45
2026-01-09 00:00:00+00:00,3087.15
2026-01-10 00:00:00+00:00,3085.47
2026-01-11 00:00:00+00:00,3122.0
2026-01-12 00:00:00+00:00,3093.84
2026-01-13 00:00:00+00:00,3324.69
2026-01-14 00:00:00+00:00,3353.27
2026-01-15 00:00:00+00:00,3317.0
2026-01-16 00:00:00+00:00,3294.77
2026-01-17 00:00:00+00:00,3308.87
2026-01-18 00:00:00+00:00,3282.77
2026-01-19 00:00:00+00:00,3188.01
2026-01-20 00:00:00+00:00,2938.24
2026-01-21 00:00:00+00:00,2980.66
2026-01-22 00:00:00+00:00,2951.21
2026-01-23 00:00:00+00:00,2955.08
2026-01-24 00:00:00+00:00,2952.09
2026-01-25 00:00:00+00:00,2815.49
2026-01-26 00:00:00+00:00,2928.9
2026-01-27 00:00:00+00:00,3024.92
2026-01-28 00:00:00+00:00,3009.36
2026-01-29 00:00:00+00:00,2821.0
2026-01-30 00:00:00+00:00,2705.66
2026-01-31 00:00:00+00:00,2450.38
2026-02-01 00:00:00+00:00,2269.04
2026-02-02 00:00:00+00:00,2345.55
2026-02-03 00:00:00+00:00,2232.23
2026-02-04 00:00:00+00:00,2147.01
2026-02-05 00:00:00+00:00,1824.95
2026-02-06 00:00:00+00:00,2062.54
2026-02-07 00:00:00+00:00,2085.93
2026-02-08 00:00:00+00:00,2088.6
2026-02-09 00:00:00+00:00,2103.96
2026-02-10 00:00:00+00:00,2021.51
2026-02-11 00:00:00+00:00,1940.07
2026-02-12 00:00:00+00:00,1947.15
2026-02-13 00:00:00+00:00,2047.6
2026-02-14 00:00:00+00:00,2085.43
2026-02-15 00:00:00+00:00,1965.47
2026-02-16 00:00:00+00:00,1997.35
2026-02-17 00:00:00+00:00,1990.68
2026-02-18 00:00:00+00:00,1954.77
2026-02-19 00:00:00+00:00,1948.15
2026-02-20 00:00:00+00:00,1967.85
2026-02-21 00:00:00+00:00,1972.54
2026-02-22 00:00:00+00:00,1957.01
2026-02-23 00:00:00+00:00,1855.47
2026-02-24 00:00:00+00:00,1851.09
2026-02-25 00:00:00+00:00,2056.5
2026-02-26 00:00:00+00:00,2026.71
2026-02-27 00:00:00+00:00,1928.5
2026-02-28 00:00:00+00:00,1963.48
2026-03-01 00:00:00+00:00,1938.57
2026-03-02 00:00:00+00:00,2026.69
2026-03-03 00:00:00+00:00,1981.85
2026-03-04 00:00:00+00:00,2125.98
2026-03-05 00:00:00+00:00,2072.18
2026-03-06 00:00:00+00:00,1977.66
2026-03-07 00:00:00+00:00,1968.39
2026-03-08 00:00:00+00:00,1935.97
2026-03-09 00:00:00+00:00,1992.28
2026-03-10 00:00:00+00:00,2035.39
2026-03-11 00:00:00+00:00,2050.99
2026-03-12 00:00:00+00:00,2072.6
2026-03-13 00:00:00+00:00,2091.01
2026-03-14 00:00:00+00:00,2095.27
2026-03-15 00:00:00+00:00,2177.73
2026-03-16 00:00:00+00:00,2351.66
2026-03-17 00:00:00+00:00,2316.45
2026-03-18 00:00:00+00:00,2201.95
2026-03-19 00:00:00+00:00,2136.56
2026-03-20 00:00:00+00:00,2145.08
2026-03-21 00:00:00+00:00,2083.37
2026-03-22 00:00:00+00:00,2052.85
2026-03-23 00:00:00+00:00,2151.01
2026-03-24 00:00:00+00:00,2155.29
2026-03-25 00:00:00+00:00,2168.0
2026-03-26 00:00:00+00:00,2059.17
2026-03-27 00:00:00+00:00,1991.58
2026-03-28 00:00:00+00:00,1993.48
2026-03-29 00:00:00+00:00,1983.44
2026-03-30 00:00:00+00:00,2025.69
2026-03-31 00:00:00+00:00,2104.49
2026-04-01 00:00:00+00:00,2138.8
2026-04-02 00:00:00+00:00,2055.96
2026-04-03 00:00:00+00:00,2052.92
2026-04-04 00:00:00+00:00,2064.43
2026-04-05 00:00:00+00:00,2109.35
2026-04-06 00:00:00+00:00,2106.14
2026-04-07 00:00:00+00:00,2239.14
2026-04-08 00:00:00+00:00,2188.87
2026-04-09 00:00:00+00:00,2188.92
2026-04-10 00:00:00+00:00,2243.9
2026-04-11 00:00:00+00:00,2283.85
2026-04-12 00:00:00+00:00,2190.62
2026-04-13 00:00:00+00:00,2368.8
2026-04-14 00:00:00+00:00,2321.17
2026-04-15 00:00:00+00:00,2358.87
2026-04-16 00:00:00+00:00,2346.92
2026-04-17 00:00:00+00:00,2417.66
2026-04-18 00:00:00+00:00,2348.99
2026-04-19 00:00:00+00:00,2262.2
2026-04-20 00:00:00+00:00,2312.59
2026-04-21 00:00:00+00:00,2326.13
2026-04-22 00:00:00+00:00,2373.04
2026-04-23 00:00:00+00:00,2328.94
2026-04-24 00:00:00+00:00,2313.88
2026-04-25 00:00:00+00:00,2318.21
2026-04-26 00:00:00+00:00,2368.32
2026-04-27 00:00:00+00:00,2302.28
2026-04-28 00:00:00+00:00,2288.37
2026-04-29 00:00:00+00:00,2251.52
2026-04-30 00:00:00+00:00,2256.49
2026-05-01 00:00:00+00:00,2294.34
2026-05-02 00:00:00+00:00,2315.9
2026-05-03 00:00:00+00:00,2321.67
2026-05-04 00:00:00+00:00,2346.11
2026-05-05 00:00:00+00:00,2359.47
2026-05-06 00:00:00+00:00,2349.7
2026-05-07 00:00:00+00:00,2289.91
2026-05-08 00:00:00+00:00,2306.17
2026-05-09 00:00:00+00:00,2325.22
2026-05-10 00:00:00+00:00,2370.21
2026-05-11 00:00:00+00:00,2338.61
2026-05-12 00:00:00+00:00,2273.62
2026-05-13 00:00:00+00:00,2257.54
2026-05-14 00:00:00+00:00,2282.06
2026-05-15 00:00:00+00:00,2223.66
2026-05-16 00:00:00+00:00,2179.66
2026-05-17 00:00:00+00:00,2129.88
2026-05-18 00:00:00+00:00,2128.99
2026-05-19 00:00:00+00:00,2111.0
2026-05-20 00:00:00+00:00,2128.6
2026-05-21 00:00:00+00:00,2132.78
2026-05-22 00:00:00+00:00,2064.98
2026-05-23 00:00:00+00:00,2116.82
2026-05-24 00:00:00+00:00,2098.99
2026-05-25 00:00:00+00:00,2111.64
2026-05-26 00:00:00+00:00,2072.99
2026-05-27 00:00:00+00:00,2023.7
2026-05-28 00:00:00+00:00,2008.92
2026-05-29 00:00:00+00:00,2013.35
2026-05-30 00:00:00+00:00,2021.58
2026-05-31 00:00:00+00:00,2006.31
2026-06-01 00:00:00+00:00,2006.0
2026-06-02 00:00:00+00:00,1858.96
2026-06-03 00:00:00+00:00,1812.46
2026-06-04 00:00:00+00:00,1769.86
2026-06-05 00:00:00+00:00,1582.35
2026-06-06 00:00:00+00:00,1568.6
2026-06-07 00:00:00+00:00,1689.66
2026-06-08 00:00:00+00:00,1689.21
2026-06-09 00:00:00+00:00,1638.64
2026-06-10 00:00:00+00:00,1620.72
2026-06-11 00:00:00+00:00,1672.57
2026-06-12 00:00:00+00:00,1665.48
2026-06-13 00:00:00+00:00,1680.41
2026-06-14 00:00:00+00:00,1724.74
2026-06-15 00:00:00+00:00,1795.16
2026-06-16 00:00:00+00:00,1792.32
2026-06-17 00:00:00+00:00,1749.56
2026-06-18 00:00:00+00:00,1710.18
2026-06-19 00:00:00+00:00,1710.31
2026-06-20 00:00:00+00:00,1740.0
2026-06-21 00:00:00+00:00,1706.31
2026-06-22 00:00:00+00:00,1727.32
2026-06-23 00:00:00+00:00,1666.4
2026-06-24 00:00:00+00:00,1621.54
2026-06-25 00:00:00+00:00,1566.97
2026-06-26 00:00:00+00:00,1577.86
2026-06-27 00:00:00+00:00,1573.1
2026-06-28 00:00:00+00:00,1571.1
2026-06-29 00:00:00+00:00,1612.12
2026-06-30 00:00:00+00:00,1571.47
2026-07-01 00:00:00+00:00,1608.87
2026-07-02 00:00:00+00:00,1699.9
2026-07-03 00:00:00+00:00,1757.41
2026-07-04 00:00:00+00:00,1779.94
2026-07-05 00:00:00+00:00,1785.07
2026-07-06 00:00:00+00:00,1798.84
2026-07-07 00:00:00+00:00,1770.67
2026-07-08 00:00:00+00:00,1742.68
2026-07-09 00:00:00+00:00,1744.25
2026-07-10 00:00:00+00:00,1796.03
2026-07-11 00:00:00+00:00,1786.7
2026-07-12 00:00:00+00:00,1805.92
2026-07-13 00:00:00+00:00,1776.0
2026-07-14 00:00:00+00:00,1891.12
2026-07-15 00:00:00+00:00,1916.91
2026-07-16 00:00:00+00:00,1863.73
2026-07-17 00:00:00+00:00,1841.08
2026-07-18 00:00:00+00:00,1861.75
2026-07-19 00:00:00+00:00,1871.49
2026-07-20 00:00:00+00:00,1903.5
2026-07-21 00:00:00+00:00,1929.29
2026-07-22 00:00:00+00:00,1933.31
2026-07-23 00:00:00+00:00,1877.42
2026-07-24 00:00:00+00:00,1860.57
2026-07-25 00:00:00+00:00,1873.92
2026-07-26 00:00:00+00:00,1953.79
2026-07-27 00:00:00+00:00,1891.44
2026-07-28 00:00:00+00:00,1921.13
2026-07-29 00:00:00+00:00,1909.68
2026-07-30 00:00:00+00:00,1917.31
2026-07-31 00:00:00+00:00,1861.68
2026-08-01 00:00:00+00:00,1844.17
2026-08-02 00:00:00+00:00,1884.37
2026-08-03 00:00:00+00:00,1859.78
2026-08-04 00:00:00+00:00,1868.9
2026-08-05 00:00:00+00:00,1907.95
2026-08-06 00:00:00+00:00,1903.12
2026-08-07 00:00:00+00:00,1913.07
2026-08-08 00:00:00+00:00,1915.98
2026-08-09 00:00:00+00:00,1909.57
2026-08-10 00:00:00+00:00,1872.31
2026-08-11 00:00:00+00:00,1881.8
2026-08-12 00:00:00+00:00,1878.8
2026-08-13 00:00:00+00:00,1885.39
2026-08-14 00:00:00+00:00,1881.39
2026-08-15 00:00:00+00:00,1881.73
2026-08-16 00:00:00+00:00,1875.22
2026-08-17 00:00:00+00:00,1912.7
2026-08-18 00:00:00+00:00,1917.1
2026-08-19 00:00:00+00:00,2252.16
2026-08-20 00:00:00+00:00,2326.18
2026-08-21 00:00:00+00:00,2515.97
2026-08-22 00:00:00+00:00,2421.4
2026-08-23 00:00:00+00:00,2462.58
2026-08-24 00:00:00+00:00,2481.03
2026-08-25 00:00:00+00:00,2441.72
2026-08-26 00:00:00+00:00,2505.66
2026-08-27 00:00:00+00:00,2509.74
2026-08-28 00:00:00+00:00,2441.9
2026-08-29 00:00:00+00:00,2456.5
2026-08-30 00:00:00+00:00,2415.55
2026-08-31 00:00:00+00:00,2466.53
2026-09-01 00:00:00+00:00,2417.46
2026-09-02 00:00:00+00:00,2390.91
2026-09-03 00:00:00+00:00,2506.42
2026-09-04 00:00:00+00:00,2454.57
2026-09-05 00:00:00+00:00,2479.17
2026-09-06 00:00:00+00:00,2513.47
2026-09-07 00:00:00+00:00,2488.92
2026-09-08 00:00:00+00:00,2483.87
2026-09-09 00:00:00+00:00,2466.97
2026-09-10 00:00:00+00:00,2437.04
2026-09-11 00:00:00+00:00,2515.47
2026-09-12 00:00:00+00:00,2524.76
2026-09-13 00:00:00+00:00,2475.48
2026-09-14 00:00:00+00:00,2513.93
2026-09-15 00:00:00+00:00,2397.15
2026-09-16 00:00:00+00:00,2417.49
2026-09-17 00:00:00+00:00,2446.32
2026-09-18 00:00:00+00:00,2611.15
2026-09-19 00:00:00+00:00,2612.46
